file,category,dur,n_bins,speech_ratio,silero_ratio,agree,singing_ratio,music_ratio,review_bins,review_prio1_bins,note
Asm_3OfnqBTIGs4.wav,Asm,120.000,240,0.558,0.037,0.479,0.000,0.000,131,0,AED-Silero chỉ khớp 48%
Asm_3x5PzivPJ3Q.wav,Asm,120.000,240,0.396,0.233,0.838,0.000,0.000,42,0,
Asm_47Tep2TwUBw.wav,Asm,120.000,240,0.617,0.000,0.383,0.000,0.008,154,0,AED-Silero chỉ khớp 38%
Asm_7NvNSVrY7F8.wav,Asm,120.000,240,0.000,0.000,1.000,0.000,0.000,0,0,toàn non-speech
Asm_8cp9laDLaiM.wav,Asm,120.000,240,0.250,0.000,0.750,0.000,0.000,66,0,AED-Silero chỉ khớp 75%
Asm__P1ah40ZIkM.wav,Asm,120.000,240,0.192,0.087,0.896,0.017,0.000,29,0,
Asm_B3tUIst9qSk.wav,Asm,120.000,240,0.175,0.000,0.825,0.000,0.000,44,0,
Asm_E_ZZn6St3vw.wav,Asm,120.000,240,0.021,0.000,0.979,0.000,0.000,7,0,
Asm_FfyD6meDspM.wav,Asm,120.000,240,0.404,0.017,0.613,0.004,0.000,101,0,AED-Silero chỉ khớp 61%
Asm_IlJYaR2D7GU.wav,Asm,120.000,240,0.000,0.000,1.000,0.000,0.000,0,0,toàn non-speech
Asm_IVnd7RZQhAY.wav,Asm,120.000,240,0.754,0.000,0.246,0.000,0.000,184,0,AED-Silero chỉ khớp 25%
Asm_jE6x0TXsYUc.wav,Asm,120.000,240,0.779,0.000,0.221,0.000,0.000,194,0,AED-Silero chỉ khớp 22%
Asm_jGAaWXOnFTw.wav,Asm,120.000,240,0.417,0.000,0.583,0.000,0.000,107,0,AED-Silero chỉ khớp 58%
Asm_k1HOigOPG5Q.wav,Asm,120.000,240,0.529,0.000,0.471,0.000,0.000,129,0,AED-Silero chỉ khớp 47%
Asm_KtEz6DSAgsc.wav,Asm,120.000,240,0.354,0.000,0.646,0.000,0.000,89,0,AED-Silero chỉ khớp 65%
Asm_MUgbipftcgs.wav,Asm,120.000,240,0.263,0.000,0.738,0.000,0.000,71,0,AED-Silero chỉ khớp 74%
Asm_O_DCdDWGv_s.wav,Asm,120.000,240,0.896,0.700,0.796,0.000,0.000,58,2,AED-Silero chỉ khớp 80%
Asm_pIvI9UszMc4.wav,Asm,120.000,240,0.046,0.000,0.954,0.000,0.000,12,0,
Asm_QkpygCY47ME.wav,Asm,120.000,240,0.029,0.000,0.971,0.000,0.000,8,0,
Asm_QY1X2NLYsKY.wav,Asm,120.000,240,0.000,0.000,1.000,0.000,0.029,0,0,toàn non-speech
Asm_rPE251YheSA.wav,Asm,120.000,240,0.325,0.000,0.675,0.000,0.000,84,0,AED-Silero chỉ khớp 68%
Asm_rVgWjyQpmzM.wav,Asm,120.000,240,0.400,0.000,0.600,0.000,0.000,104,0,AED-Silero chỉ khớp 60%
Asm_rWk3TjhaVHA.wav,Asm,120.000,240,0.017,0.000,0.983,0.000,0.000,7,0,
Asm_sIgkTYTWPz8.wav,Asm,120.000,240,0.000,0.000,1.000,0.000,0.000,0,0,toàn non-speech
Asm_SlfTbgAyOEI.wav,Asm,120.000,240,0.471,0.000,0.529,0.000,0.000,118,0,AED-Silero chỉ khớp 53%
Asm_uGBukRz2HSc.wav,Asm,120.000,240,0.025,0.000,0.975,0.000,0.021,6,0,
Asm_xFLFUD-Knos.wav,Asm,120.000,240,0.067,0.000,0.933,0.000,0.000,18,0,
Asm_XHdsNxh9C7k.wav,Asm,120.000,240,0.967,0.929,0.946,0.000,0.000,24,2,
Asm_y1ucBSGR2Do.wav,Asm,120.000,240,0.033,0.000,0.967,0.000,0.000,8,0,
Asm_zBBli1xhI0M.wav,Asm,120.000,240,0.421,0.004,0.583,0.000,0.000,109,0,AED-Silero chỉ khớp 58%
Babble_0RLrdoIo-kc.wav,Babble,19.540,39,1.000,0.051,0.051,0.179,0.744,39,39,toàn speech; Babble: 39 bin speech/nghi ngờ -> nghe lại; AED-Silero chỉ khớp 5%
Babble_2HoIimGWZPM.wav,Babble,120.000,240,0.683,0.000,0.317,0.017,0.025,223,223,Babble: 223 bin speech/nghi ngờ -> nghe lại; AED-Silero chỉ khớp 32%
Babble_3MccHT88SCs.wav,Babble,61.600,123,0.000,0.000,1.000,0.000,0.000,0,0,toàn non-speech
Babble_54VNL7YDimU.wav,Babble,120.000,240,0.983,0.000,0.017,0.058,0.071,240,240,Babble: 240 bin speech/nghi ngờ -> nghe lại; AED-Silero chỉ khớp 2%
Babble_7Cb40fiBGeY.wav,Babble,120.000,240,0.004,0.000,0.996,0.008,1.000,3,3,Babble: 3 bin speech/nghi ngờ -> nghe lại
Babble_7lUPtZheLEU.wav,Babble,120.000,240,0.275,0.000,0.725,0.000,0.000,172,172,Babble: 172 bin speech/nghi ngờ -> nghe lại; AED-Silero chỉ khớp 72%
Babble_9Dl429xL-Os.wav,Babble,120.000,240,0.029,0.000,0.971,0.000,0.983,11,11,Babble: 11 bin speech/nghi ngờ -> nghe lại
Babble_BkUlhr0kIXU.wav,Babble,120.000,240,0.062,0.000,0.938,0.417,0.975,21,21,Babble: 21 bin speech/nghi ngờ -> nghe lại
Babble_dx3GxpitvbY.wav,Babble,120.000,240,0.000,0.000,1.000,0.000,0.000,0,0,toàn non-speech
Babble_E26RNN6sKW0.wav,Babble,52.800,105,0.486,0.038,0.476,0.410,0.933,60,60,Babble: 60 bin speech/nghi ngờ -> nghe lại; AED-Silero chỉ khớp 48%
Babble_gSQtLtV8kbQ.wav,Babble,120.000,240,0.208,0.000,0.792,0.000,0.021,131,131,Babble: 131 bin speech/nghi ngờ -> nghe lại; AED-Silero chỉ khớp 79%
Babble_IKB3Qiglyro.wav,Babble,120.000,240,0.412,0.000,0.588,0.188,0.025,207,207,Babble: 207 bin speech/nghi ngờ -> nghe lại; AED-Silero chỉ khớp 59%
Babble_lnGI1NPTIi4.wav,Babble,120.000,240,0.904,0.900,0.996,0.067,0.246,218,218,Babble: 218 bin speech/nghi ngờ -> nghe lại
Babble_Mckcmh-OU5M.wav,Babble,120.000,240,0.042,0.004,0.954,0.033,0.954,22,22,Babble: 22 bin speech/nghi ngờ -> nghe lại
Babble_mLld3JVwxew.wav,Babble,120.000,240,0.963,0.388,0.408,0.100,0.083,239,239,Babble: 239 bin speech/nghi ngờ -> nghe lại; AED-Silero chỉ khớp 41%
Babble_oGtH8v0qVBc.wav,Babble,120.000,240,0.083,0.000,0.917,0.000,0.988,34,34,Babble: 34 bin speech/nghi ngờ -> nghe lại
Babble_QbXCfH7wyBQ.wav,Babble,120.000,240,0.000,0.000,1.000,0.000,0.037,3,3,toàn non-speech; Babble: 3 bin speech/nghi ngờ -> nghe lại
Babble_rjsapC5SDHs.wav,Babble,120.000,240,0.688,0.229,0.408,0.554,0.808,202,202,Babble: 202 bin speech/nghi ngờ -> nghe lại; AED-Silero chỉ khớp 41%
Babble_s_m1QKaQXVc.wav,Babble,120.000,240,0.092,0.000,0.908,0.029,0.912,53,53,Babble: 53 bin speech/nghi ngờ -> nghe lại
Babble_sJUl4CH4f-c.wav,Babble,120.000,240,0.950,0.179,0.229,0.583,0.917,237,237,Babble: 237 bin speech/nghi ngờ -> nghe lại; AED-Silero chỉ khớp 23%
Babble_sUOTOHCVGGk.wav,Babble,120.000,240,0.096,0.000,0.904,0.000,0.171,30,30,Babble: 30 bin speech/nghi ngờ -> nghe lại
Babble_sXJLT3kYdhk.wav,Babble,120.000,240,0.025,0.000,0.975,0.000,0.000,6,6,Babble: 6 bin speech/nghi ngờ -> nghe lại
Babble_UnhpCJ5tkW4.wav,Babble,120.000,240,0.954,0.333,0.346,0.050,0.042,237,237,Babble: 237 bin speech/nghi ngờ -> nghe lại; AED-Silero chỉ khớp 35%
Babble_unxrg8UfGx8.wav,Babble,120.000,240,0.008,0.000,0.992,0.000,0.954,7,7,Babble: 7 bin speech/nghi ngờ -> nghe lại
Babble_vZLIiLuDvgM.wav,Babble,120.000,240,0.150,0.000,0.850,0.000,0.000,142,142,Babble: 142 bin speech/nghi ngờ -> nghe lại
Babble_YDLrtJ5usLo.wav,Babble,60.000,120,0.292,0.000,0.708,0.000,0.025,66,66,Babble: 66 bin speech/nghi ngờ -> nghe lại; AED-Silero chỉ khớp 71%
Babble_zRrkB2DeqBQ.wav,Babble,120.000,240,0.071,0.000,0.929,0.079,0.787,50,50,Babble: 50 bin speech/nghi ngờ -> nghe lại
Clean_0XilJotp0O4.wav,Clean,29.000,58,0.776,0.690,0.914,0.000,0.000,13,7,
Clean_6HecS03NfFE.wav,Clean,120.000,240,0.963,0.950,0.988,0.000,0.033,7,3,
Clean_8UM7pExh05c.wav,Clean,120.000,240,0.817,0.804,0.904,0.042,0.000,36,26,
Clean__3LhV95AKgM.wav,Clean,120.000,240,0.817,0.742,0.925,0.000,0.000,27,22,
Clean__jGjPZuBMZg.wav,Clean,120.000,240,0.717,0.613,0.887,0.004,0.350,36,28,
Clean_CFvGPBE22yM.wav,Clean,120.000,240,0.883,0.850,0.958,0.008,0.696,17,14,
Clean_eQFMnN0kCM4.wav,Clean,120.000,240,0.867,0.833,0.958,0.013,0.617,24,14,
Clean_F5DJP4WKtzM.wav,Clean,120.000,240,0.942,0.929,0.979,0.021,0.796,10,8,
Clean_gn0q7BuPML8.wav,Clean,120.000,240,0.904,0.875,0.946,0.037,0.229,24,20,
Clean_GQOEG7x8YRw.wav,Clean,120.000,240,1.000,1.000,1.000,0.000,0.000,5,0,toàn speech
Clean_HR-F5iFMPjg.wav,Clean,93.000,186,0.952,0.995,0.946,0.097,0.000,21,19,
Clean_MEXu3VwXcsQ.wav,Clean,120.000,240,0.971,0.950,0.979,0.000,0.033,14,5,
Clean_MjecOkKGgWs.wav,Clean,120.000,240,0.771,0.738,0.900,0.071,0.704,37,29,
Clean_N3-Ty_RTyHE.wav,Clean,32.000,64,0.641,0.594,0.953,0.000,0.625,4,3,
Clean_OFo1VsOy-5M.wav,Clean,120.000,240,0.887,0.883,0.938,0.087,0.329,32,22,
Clean_oQdfUZBssBE.wav,Clean,106.000,212,0.906,0.830,0.925,0.000,0.000,27,17,
Clean_oTZTH-tBXpw.wav,Clean,120.000,240,0.933,0.892,0.950,0.000,0.283,19,13,
Clean_P8e435_oZmE.wav,Clean,36.820,73,1.000,1.000,1.000,0.000,1.000,1,0,toàn speech
Clean_pjMCyLsRNig.wav,Clean,120.000,240,0.933,0.925,0.967,0.000,0.150,17,8,
Clean_QsgYv7-lfCM.wav,Clean,120.000,240,0.971,0.938,0.967,0.000,0.412,11,8,
Clean_R-CJScmHqmI.wav,Clean,106.000,211,0.815,0.725,0.900,0.009,0.995,29,24,
Clean_SrKjY-OHy2E.wav,Clean,120.000,240,0.967,0.933,0.967,0.000,0.021,16,8,
Clean_sUX_oeRyCwU.wav,Clean,120.000,240,0.946,0.933,0.988,0.008,0.013,9,5,
Clean_TlV_tehrTFs.wav,Clean,120.000,240,0.863,0.783,0.921,0.000,0.000,33,22,
Clean_VbaJmref8GU.wav,Clean,120.000,240,0.892,0.858,0.958,0.004,0.096,13,9,
Clean_W2rJ7Oj2ZNI.wav,Clean,120.000,240,0.933,0.942,0.958,0.021,0.046,22,16,
Clean_wdlij-jP5UI.wav,Clean,104.000,208,0.976,0.962,0.986,0.000,0.327,7,4,
Clean_wfNAN7ZZJnE.wav,Clean,120.000,240,0.867,0.863,0.929,0.050,0.225,30,9,
Clean_x5t9Dqs0DPw.wav,Clean,117.000,234,0.726,0.624,0.897,0.000,0.000,41,26,
Clean_zYI-H_Ub5pQ.wav,Clean,120.000,240,0.871,0.833,0.954,0.000,0.083,19,13,
Music_1PN4KCVOPRk.wav,Music,120.000,240,0.000,0.000,1.000,0.133,1.000,0,0,toàn non-speech
Music_1vrEljMfXYo.wav,Music,120.000,240,0.000,0.067,0.933,0.887,0.992,16,0,toàn non-speech
Music_2TvWZEVf6go.wav,Music,120.000,240,0.013,0.000,0.988,0.000,1.000,3,3,
Music_725WlG1idPc.wav,Music,120.000,240,0.000,0.125,0.875,0.792,1.000,30,0,toàn non-speech
Music_a7fzkqLozwA.wav,Music,120.000,240,0.000,0.000,1.000,0.758,0.996,0,0,toàn non-speech
Music_CcUD7Lcjgek.wav,Music,120.000,240,0.000,0.183,0.817,0.546,0.996,44,0,toàn non-speech
Music_D_uLM5i0Z4c.wav,Music,120.000,240,0.000,0.017,0.983,0.058,0.983,4,4,toàn non-speech
Music_Em7vc8NWUNY.wav,Music,120.000,240,0.000,0.246,0.754,0.983,1.000,59,0,toàn non-speech; AED-Silero chỉ khớp 75%
Music_FS93cEWcwQA.wav,Music,120.000,240,0.000,0.000,1.000,0.000,0.975,0,0,toàn non-speech
Music_gwDoRPcPxtc.wav,Music,120.000,240,0.046,0.000,0.954,0.188,1.000,11,11,
Music_HLeYvefzUFA.wav,Music,120.000,240,0.000,0.000,1.000,0.829,0.996,1,0,toàn non-speech
Music_hnjGqS1Doto.wav,Music,120.000,240,0.025,0.146,0.829,0.812,0.992,41,6,
Music_ic8j13piAhQ.wav,Music,120.000,240,0.000,0.000,1.000,0.938,0.996,0,0,toàn non-speech
Music_kufF91ofOUI.wav,Music,120.000,240,0.000,0.000,1.000,0.554,0.996,0,0,toàn non-speech
Music_lo6HMy_c9wA.wav,Music,76.890,153,0.000,0.000,1.000,0.660,1.000,0,0,toàn non-speech
Music_mgqPA6Rbu30.wav,Music,120.000,240,0.000,0.000,1.000,0.000,1.000,0,0,toàn non-speech
Music_nb8CnIo_-_A.wav,Music,99.540,199,0.010,0.181,0.819,0.698,0.960,37,8,
Music_nja_0BaQcNg.wav,Music,120.000,240,0.013,0.175,0.812,0.750,0.992,45,3,
Music_o26qoCYLdS8.wav,Music,120.000,240,0.008,0.000,0.992,0.000,0.996,2,2,
Music_rxovPkgqOXc.wav,Music,120.000,240,0.000,0.188,0.812,0.900,1.000,45,0,toàn non-speech
Music_tf7VWiRbGRs.wav,Music,120.000,240,0.000,0.233,0.767,0.754,0.996,56,0,toàn non-speech; AED-Silero chỉ khớp 77%
Music_tzGfiZ2RI10.wav,Music,120.000,240,0.000,0.388,0.613,0.812,1.000,93,0,toàn non-speech; AED-Silero chỉ khớp 61%
Music_U2SVCCENLjE.wav,Music,120.000,240,0.000,0.275,0.725,0.863,1.000,66,0,toàn non-speech; AED-Silero chỉ khớp 72%
Music_uNIpbNgobVE.wav,Music,120.000,240,0.013,0.000,0.988,0.000,0.954,5,4,
Music_v8KND_z--HA.wav,Music,120.000,240,0.013,0.271,0.733,0.946,0.983,65,1,AED-Silero chỉ khớp 73%
Music_VikHHWrgb4Y.wav,Music,120.000,240,0.000,0.133,0.867,0.750,0.996,32,1,toàn non-speech
Music_Wa5jDq5wynE.wav,Music,120.000,240,0.000,0.000,1.000,0.062,0.996,0,0,toàn non-speech
Music_X-yIEMduRXk.wav,Music,120.000,240,0.008,0.000,0.992,0.804,0.996,3,3,
Music_X-yJhGcS7U4.wav,Music,120.000,240,0.000,0.000,1.000,0.263,1.000,0,0,toàn non-speech
Music_xXEx0DyIMks.wav,Music,120.000,240,0.000,0.550,0.450,0.912,1.000,132,0,toàn non-speech; AED-Silero chỉ khớp 45%
Noise_2kVf_qNfblQ.wav,Noise,120.000,240,0.025,0.000,0.975,0.000,0.171,6,6,
Noise_2y6zdAbN9o8.wav,Noise,120.000,240,0.000,0.000,1.000,0.000,0.000,0,0,toàn non-speech
Noise_3jBjaeatXZk.wav,Noise,120.000,240,0.000,0.000,1.000,0.000,0.000,0,0,toàn non-speech
Noise_4xp8qgZSbP4.wav,Noise,120.000,240,0.054,0.000,0.946,0.004,0.042,17,16,
Noise_9a4qsMCX81E.wav,Noise,120.000,240,0.338,0.129,0.792,0.000,0.067,55,54,AED-Silero chỉ khớp 79%
Noise_AzeN3eZo7n4.wav,Noise,120.000,240,0.000,0.000,1.000,0.000,0.000,0,0,toàn non-speech
Noise_BAw342Xqxhs.wav,Noise,120.000,240,0.158,0.000,0.842,0.029,0.121,43,42,
Noise_bhWJF9FlBqM.wav,Noise,120.000,240,0.000,0.000,1.000,0.000,0.000,0,0,toàn non-speech
Noise_C7Kez-mefBU.wav,Noise,120.000,240,0.133,0.000,0.867,0.000,0.033,43,41,
Noise_Cec4Z-Vlf7Q.wav,Noise,120.000,240,0.000,0.000,1.000,0.000,0.000,0,0,toàn non-speech
Noise_D-td0OEk0HY.wav,Noise,120.000,240,0.000,0.000,1.000,0.000,0.279,0,0,toàn non-speech
Noise_dNMzwrBn_5E.wav,Noise,120.000,240,0.000,0.000,1.000,0.000,0.000,0,0,toàn non-speech
Noise_elhDtPzffIQ.wav,Noise,120.000,240,0.008,0.000,0.992,0.013,0.033,2,2,
Noise_Hf7m-Lv2Hyg.wav,Noise,120.000,240,0.000,0.000,1.000,0.000,0.000,0,0,toàn non-speech
Noise_mZVPAwf9LUA.wav,Noise,120.000,240,0.217,0.000,0.783,0.000,0.117,61,59,AED-Silero chỉ khớp 78%
Noise_NWlFKrzvsm0.wav,Noise,120.000,240,0.000,0.000,1.000,0.000,0.000,0,0,toàn non-speech
Noise_NwoEClQcsis.wav,Noise,120.000,240,0.025,0.000,0.975,0.000,0.000,8,8,
Noise_nYWaDjr8sfs.wav,Noise,120.000,240,0.021,0.000,0.979,0.000,0.000,7,7,
Noise_P9T1iwCDfhI.wav,Noise,120.000,240,0.000,0.000,1.000,0.000,0.004,0,0,toàn non-speech
Noise_S8BrFYIR26Y.wav,Noise,120.000,240,0.067,0.000,0.933,0.000,0.267,21,20,
Noise_SE38fPUuEo8.wav,Noise,120.000,240,0.021,0.000,0.979,0.000,0.067,5,5,
Noise_snOr94AWKSQ.wav,Noise,120.000,240,0.054,0.000,0.946,0.025,0.037,14,13,
Noise_sXJLT3kYdhk.wav,Noise,120.000,240,0.025,0.000,0.975,0.000,0.000,6,6,
Noise_U3_OM8-d9uk.wav,Noise,120.000,240,0.017,0.000,0.983,0.000,0.017,4,4,
Noise_WsZ5gWX4YM0.wav,Noise,120.000,240,0.000,0.000,1.000,0.000,0.000,0,0,toàn non-speech
Noise_XoQY_yIVzpE.wav,Noise,120.000,240,0.000,0.000,1.000,0.000,0.658,0,0,toàn non-speech
Noise_yPSshiEsYh0.wav,Noise,120.000,240,0.000,0.000,1.000,0.000,0.008,0,0,toàn non-speech
