file,category,idx,speech_src,noise_src,snr_db,seen_in_train,injected_shift_s,kind
Asm_1.txt,Asm,1,utt_076,asm_noise_02,16.8,False,0.0,mix
Asm_2.txt,Asm,2,utt_040,asm_noise_16,29.3,True,0.0,speech
Asm_3.txt,Asm,3,utt_016,asm_noise_16,20.0,False,0.0,mix
Asm_4.txt,Asm,4,utt_030,asm_noise_12,16.7,True,0.0,mix
Asm_5.txt,Asm,5,utt_042,asm_noise_00,21.0,False,0.0,mix
Asm_6.txt,Asm,6,utt_030,asm_noise_00,17.5,True,0.0,mix
Asm_7.txt,Asm,7,utt_017,asm_noise_13,16.5,False,0.0,speech
Asm_8.txt,Asm,8,utt_059,asm_noise_05,23.1,False,0.0,mix
Asm_9.txt,Asm,9,utt_014,asm_noise_11,20.9,False,0.0,mix
Asm_10.txt,Asm,10,utt_053,asm_noise_04,26.6,False,0.0,mix
Asm_11.txt,Asm,11,utt_033,asm_noise_04,19.8,False,0.0,mix
Asm_12.txt,Asm,12,utt_053,asm_noise_04,17.6,False,0.0,mix
Asm_13.txt,Asm,13,utt_043,asm_noise_06,28.0,True,0.0,mix
Asm_14.txt,Asm,14,utt_027,asm_noise_15,27.9,False,0.0,mix
Asm_15.txt,Asm,15,utt_025,asm_noise_21,21.7,True,0.0,mix
Asm_16.txt,Asm,16,utt_074,asm_noise_24,26.6,False,0.0,mix
Asm_17.txt,Asm,17,utt_024,asm_noise_05,16.4,False,0.0,mix
Asm_18.txt,Asm,18,utt_031,asm_noise_05,22.9,True,0.0,mix
Asm_19.txt,Asm,19,utt_009,asm_noise_18,22.7,False,0.0,mix
Asm_20.txt,Asm,20,utt_053,asm_noise_13,20.8,False,0.0,mix
Asm_21.txt,Asm,21,utt_076,asm_noise_16,19.1,False,0.0,speech
Asm_22.txt,Asm,22,utt_020,asm_noise_03,29.0,False,0.0,mix
Asm_23.txt,Asm,23,utt_064,asm_noise_08,21.8,True,0.0,mix
Asm_24.txt,Asm,24,utt_012,asm_noise_17,16.1,True,0.0,mix
Asm_25.txt,Asm,25,utt_049,asm_noise_05,24.3,False,0.0,mix
Asm_26.txt,Asm,26,utt_022,asm_noise_07,27.0,True,0.0,mix
Asm_27.txt,Asm,27,utt_028,asm_noise_09,15.6,True,0.0,mix
Asm_28.txt,Asm,28,utt_029,asm_noise_13,19.1,False,0.0,mix
Asm_29.txt,Asm,29,utt_045,asm_noise_03,22.8,False,0.0,mix
Asm_30.txt,Asm,30,utt_048,asm_noise_12,26.5,True,0.0,mix
Clean_1.txt,Clean,1,utt_007,clean_noise_05,20.6,False,0.0,mix
Clean_2.txt,Clean,2,utt_023,clean_noise_07,22.7,True,0.0,mix
Clean_3.txt,Clean,3,utt_031,clean_noise_00,30.6,True,0.0,mix
Clean_4.txt,Clean,4,utt_061,clean_noise_08,25.6,False,0.0,mix
Clean_5.txt,Clean,5,utt_047,clean_noise_03,29.8,False,0.0,mix
Clean_6.txt,Clean,6,utt_048,clean_noise_15,22.8,True,0.0,mix
Clean_7.txt,Clean,7,utt_065,clean_noise_19,20.8,False,0.5,mix
Clean_8.txt,Clean,8,utt_028,clean_noise_10,26.4,True,0.0,mix
Clean_9.txt,Clean,9,utt_035,clean_noise_09,34.7,True,0.0,mix
Clean_10.txt,Clean,10,utt_059,clean_noise_00,34.4,False,0.0,mix
Clean_11.txt,Clean,11,utt_077,clean_noise_19,33.4,True,0.0,mix
Clean_12.txt,Clean,12,utt_070,clean_noise_07,25.0,False,0.0,mix
Clean_13.txt,Clean,13,utt_023,clean_noise_09,20.7,True,0.0,mix
Clean_14.txt,Clean,14,utt_037,clean_noise_09,22.0,True,0.0,mix
Clean_15.txt,Clean,15,utt_066,clean_noise_02,27.2,True,0.0,mix
Clean_16.txt,Clean,16,utt_041,clean_noise_13,22.4,False,0.0,mix
Clean_17.txt,Clean,17,utt_052,clean_noise_05,26.8,False,0.0,mix
Clean_18.txt,Clean,18,utt_038,clean_noise_24,21.8,False,0.0,mix
Clean_19.txt,Clean,19,utt_071,clean_noise_22,30.5,True,0.0,mix
Clean_20.txt,Clean,20,utt_003,clean_noise_24,24.1,False,0.0,mix
Clean_21.txt,Clean,21,utt_061,clean_noise_09,20.1,True,0.0,mix
Clean_22.txt,Clean,22,utt_039,clean_noise_20,28.2,False,0.0,mix
Clean_23.txt,Clean,23,utt_074,clean_noise_13,23.8,False,0.0,mix
Clean_24.txt,Clean,24,utt_016,clean_noise_06,34.2,True,0.0,mix
Clean_25.txt,Clean,25,utt_041,clean_noise_24,35.0,False,0.0,mix
Clean_26.txt,Clean,26,utt_055,clean_noise_08,34.2,False,0.0,mix
Clean_27.txt,Clean,27,utt_000,clean_noise_10,24.3,True,0.0,mix
Clean_28.txt,Clean,28,utt_024,clean_noise_01,28.7,False,0.0,mix
Clean_29.txt,Clean,29,utt_016,clean_noise_06,22.1,True,0.0,mix
Clean_30.txt,Clean,30,utt_030,clean_noise_13,34.7,True,0.0,mix
Noise_1.txt,Noise,1,utt_039,noise_noise_10,-3.0,False,0.0,mix
Noise_2.txt,Noise,2,utt_030,noise_noise_06,9.9,True,0.0,mix
Noise_3.txt,Noise,3,utt_016,noise_noise_13,-4.6,False,0.0,mix
Noise_4.txt,Noise,4,utt_069,noise_noise_19,5.4,False,0.0,mix
Noise_5.txt,Noise,5,utt_034,noise_noise_17,-4.5,True,0.0,mix
Noise_6.txt,Noise,6,utt_057,noise_noise_04,9.7,True,0.0,mix
Noise_7.txt,Noise,7,utt_019,noise_noise_17,-0.3,True,0.0,mix
Noise_8.txt,Noise,8,utt_048,noise_noise_09,9.2,True,0.0,mix
Noise_9.txt,Noise,9,utt_001,noise_noise_09,9.2,False,0.0,mix
Noise_10.txt,Noise,10,utt_077,noise_noise_06,4.8,True,0.0,mix
Noise_11.txt,Noise,11,utt_023,noise_noise_10,-3.4,True,0.0,mix
Noise_12.txt,Noise,12,utt_037,noise_noise_24,8.3,False,0.5,mix
Noise_13.txt,Noise,13,utt_040,noise_noise_12,5.5,True,0.0,mix
Noise_14.txt,Noise,14,utt_003,noise_noise_09,7.6,False,0.0,mix
Noise_15.txt,Noise,15,utt_020,noise_noise_01,6.9,False,0.0,mix
Noise_16.txt,Noise,16,utt_000,noise_noise_19,2.3,False,0.0,speech
Noise_17.txt,Noise,17,utt_057,noise_noise_12,8.9,True,0.0,mix
Noise_18.txt,Noise,18,utt_024,noise_noise_19,-4.7,False,0.0,mix
Noise_19.txt,Noise,19,utt_032,noise_noise_21,9.5,True,0.0,mix
Noise_20.txt,Noise,20,utt_067,noise_noise_00,4.3,False,0.0,mix
Noise_21.txt,Noise,21,utt_039,noise_noise_01,7.4,False,0.0,mix
Noise_22.txt,Noise,22,utt_003,noise_noise_18,1.5,False,0.0,mix
Noise_23.txt,Noise,23,utt_005,noise_noise_09,-3.6,True,0.0,mix
Noise_24.txt,Noise,24,utt_070,noise_noise_09,5.7,False,0.0,mix
Noise_25.txt,Noise,25,utt_032,noise_noise_00,2.7,True,0.0,mix
Noise_26.txt,Noise,26,utt_041,noise_noise_14,-1.7,True,0.0,mix
Noise_27.txt,Noise,27,utt_002,noise_noise_00,4.4,False,0.0,mix
Noise_28.txt,Noise,28,utt_050,noise_noise_08,8.7,True,0.0,mix
Noise_29.txt,Noise,29,utt_042,noise_noise_20,1.7,True,0.0,mix
Noise_30.txt,Noise,30,utt_007,noise_noise_08,-4.1,True,0.0,mix
Music_1.txt,Music,1,utt_033,music_noise_08,10.7,False,0.0,mix
Music_2.txt,Music,2,utt_004,music_noise_21,4.8,True,0.0,mix
Music_3.txt,Music,3,,music_noise_14,1.6,True,0.0,non
Music_4.txt,Music,4,,music_noise_02,12.4,False,0.0,non
Music_5.txt,Music,5,utt_045,music_noise_07,8.6,False,0.0,mix
Music_6.txt,Music,6,utt_005,music_noise_19,8.8,True,0.0,mix
Music_7.txt,Music,7,utt_016,music_noise_05,3.0,False,0.0,mix
Music_8.txt,Music,8,utt_028,music_noise_23,9.5,False,0.0,mix
Music_9.txt,Music,9,utt_046,music_noise_04,4.1,True,0.0,mix
Music_10.txt,Music,10,utt_049,music_noise_07,5.5,False,0.0,mix
Music_11.txt,Music,11,utt_078,music_noise_23,7.5,False,0.0,mix
Music_12.txt,Music,12,,music_noise_11,5.6,False,0.0,non
Music_13.txt,Music,13,utt_027,music_noise_03,0.7,False,0.0,mix
Music_14.txt,Music,14,utt_070,music_noise_23,3.4,False,0.0,mix
Music_15.txt,Music,15,,music_noise_06,8.0,True,0.0,non
Music_16.txt,Music,16,utt_048,music_noise_15,9.2,True,0.0,mix
Music_17.txt,Music,17,utt_079,music_noise_02,4.6,True,0.0,mix
Music_18.txt,Music,18,utt_049,music_noise_23,0.7,False,0.0,mix
Music_19.txt,Music,19,utt_072,music_noise_02,10.9,False,0.0,mix
Music_20.txt,Music,20,utt_036,music_noise_12,7.2,False,0.0,mix
Music_21.txt,Music,21,utt_045,music_noise_24,0.7,False,0.0,mix
Music_22.txt,Music,22,utt_041,music_noise_16,13.9,True,0.0,mix
Music_23.txt,Music,23,utt_070,music_noise_24,9.8,False,0.0,mix
Music_24.txt,Music,24,utt_048,music_noise_17,3.4,True,0.0,mix
Music_25.txt,Music,25,utt_026,music_noise_22,14.4,True,0.0,mix
Music_26.txt,Music,26,utt_034,music_noise_17,6.5,True,0.0,mix
Music_27.txt,Music,27,utt_013,music_noise_05,12.4,True,0.0,mix
Music_28.txt,Music,28,utt_032,music_noise_24,0.5,True,0.0,mix
Music_29.txt,Music,29,,music_noise_24,6.9,False,0.0,non
Music_30.txt,Music,30,utt_039,music_noise_12,12.2,False,0.0,mix
Babble_1.txt,Babble,1,utt_055,babble_noise_03,0.2,False,0.0,mix
Babble_2.txt,Babble,2,utt_012,babble_noise_14,9.6,False,0.0,mix
Babble_3.txt,Babble,3,utt_077,babble_noise_07,11.5,True,0.5,mix
Babble_4.txt,Babble,4,utt_078,babble_noise_01,2.9,True,0.0,mix
Babble_5.txt,Babble,5,utt_060,babble_noise_22,4.1,True,0.0,mix
Babble_6.txt,Babble,6,utt_027,babble_noise_19,4.4,True,0.0,mix
Babble_7.txt,Babble,7,utt_039,babble_noise_23,11.4,True,0.0,mix
Babble_8.txt,Babble,8,utt_066,babble_noise_00,6.5,True,0.0,mix
Babble_9.txt,Babble,9,utt_062,babble_noise_22,4.6,False,0.0,mix
Babble_10.txt,Babble,10,utt_069,babble_noise_00,10.6,False,0.0,mix
Babble_11.txt,Babble,11,utt_038,babble_noise_10,5.3,True,0.0,mix
Babble_12.txt,Babble,12,utt_021,babble_noise_12,0.6,False,0.0,mix
Babble_13.txt,Babble,13,utt_013,babble_noise_22,11.1,True,0.0,mix
Babble_14.txt,Babble,14,utt_017,babble_noise_01,5.8,True,0.0,mix
Babble_15.txt,Babble,15,utt_067,babble_noise_14,0.2,False,0.0,mix
Babble_16.txt,Babble,16,utt_078,babble_noise_17,10.5,False,0.0,mix
Babble_17.txt,Babble,17,utt_000,babble_noise_07,2.9,False,0.0,mix
Babble_18.txt,Babble,18,utt_004,babble_noise_12,1.2,True,0.0,mix
Babble_19.txt,Babble,19,utt_011,babble_noise_02,7.1,True,0.0,mix
Babble_20.txt,Babble,20,utt_043,babble_noise_01,4.7,True,0.0,mix
Babble_21.txt,Babble,21,utt_002,babble_noise_13,11.5,True,0.0,mix
Babble_22.txt,Babble,22,utt_077,babble_noise_17,4.0,True,0.0,mix
Babble_23.txt,Babble,23,utt_003,babble_noise_09,4.5,False,0.0,mix
Babble_24.txt,Babble,24,utt_003,babble_noise_19,1.4,True,0.0,mix
Babble_25.txt,Babble,25,utt_004,babble_noise_22,3.5,True,0.0,mix
Babble_26.txt,Babble,26,utt_016,babble_noise_20,6.5,True,0.0,mix
Babble_27.txt,Babble,27,utt_048,babble_noise_16,10.1,True,0.0,mix
Babble_28.txt,Babble,28,utt_034,babble_noise_10,8.2,True,0.0,mix
Babble_29.txt,Babble,29,utt_038,babble_noise_19,12.0,True,0.0,mix
Babble_30.txt,Babble,30,utt_028,babble_noise_18,6.2,False,0.0,mix
