d_onset,d_offset
-1.0,-0.5
-0.5,7.0
-3.0,2.5
-8.0,0.5
1.0,0.5
0.0,0.0
0.0,0.5
0.0,-6.5
0.0,0.0
-0.5,0.0
-0.5,0.0
0.0,0.5
-0.5,5.0
-5.5,0.0
-0.5,-1.5
-1.0,3.5
-4.0,0.5
-0.5,-0.5
-1.0,0.5
0.0,0.5
-0.5,-0.5
-1.0,8.0
-8.0,6.0
-9.5,2.5
-13.0,0.0
0.0,-2.0
-2.0,0.5
-1.0,0.5
-0.5,0.0
-0.5,0.0
1.5,-1.0
-0.5,-1.5
4.0,0.0
1.5,0.5
0.5,4.5
-1.0,3.5
-3.0,1.0
-4.5,0.0
-1.5,2.5
-5.5,-2.5
2.5,3.5
-1.0,2.0
-3.0,-1.5
0.0,4.0
-2.5,2.0
-4.5,0.5
-0.5,2.0
-4.5,0.5
0.5,13.0
-1.0,11.5
-2.5,8.5
-6.0,6.0
-8.5,1.5
2.0,9.5
-1.5,5.0
-6.0,2.5
1.5,-1.5
-2.0,0.0
3.0,0.0
0.5,-1.0
-1.5,0.5
0.0,0.0
1.5,0.0
0.5,0.5
1.5,0.5
1.0,-0.5
0.0,0.0
-0.5,0.5
-0.5,0.5
0.5,1.0
-0.5,0.5
-0.5,-0.5
0.0,0.0
-1.0,4.5
-5.5,0.5
-1.0,1.0
-1.0,0.5
-0.5,5.5
-3.0,1.5
1.5,-0.5
-1.0,-1.0
-2.0,0.0
0.0,0.5
0.5,0.0
0.5,0.5
-0.5,0.0
1.5,3.5
-2.0,1.0
0.0,1.0
0.0,4.0
-1.5,0.5
-0.5,9.5
-3.5,4.5
-8.5,2.0
1.0,9.5
-2.5,-7.0
-7.0,-4.0
-2.0,3.0
0.0,-0.5
-0.5,-2.5
-1.5,0.0
-0.5,1.5
1.0,12.5
-2.0,10.0
-4.0,-13.0
-1.0,4.5
-3.0,2.5
-4.5,-0.5
-1.5,13.5
-3.5,5.5
-11.5,2.0
-0.5,0.0
0.0,1.5
-1.0,0.5
2.5,-0.5
0.0,-1.5
-1.0,3.5
-4.0,0.0
-0.5,0.5
3.5,0.5
2.5,0.0
1.0,0.5
0.0,-1.0
0.5,-0.5
2.5,0.0
-0.5,-1.0
0.0,-0.5
0.5,0.0
1.5,-2.0
-1.0,-0.5
-0.5,-1.0
0.0,-1.0
1.0,-3.0
1.5,0.5
0.0,42.5
-10.5,36.0
-17.0,-6.0
-6.0,38.0
-30.0,7.5
-60.0,1.0
-2.0,-2.5
0.0,-1.0
-1.0,-3.0
2.5,1.0
3.0,1.5
-2.5,-0.5
-0.5,-1.5
2.5,-2.0
-0.5,-7.0
-0.5,-2.0
-2.0,0.5
0.0,-1.0
0.5,0.0
2.0,1.0
1.0,-0.5
1.5,1.0
0.0,0.5
-1.0,1.0
0.0,-0.5
0.0,0.0
0.5,0.0
0.0,1.5
-1.0,1.5
-0.5,0.5
1.0,-0.5
1.0,0.5
0.0,0.0
-0.5,-3.5
0.0,-1.0
-0.5,35.0
-5.5,27.0
-11.5,20.5
-17.0,6.0
-31.0,0.5
-0.5,77.5
-3.0,74.0
-9.0,66.5
-14.5,60.0
-19.5,46.0
-34.5,40.5
-39.0,39.0
-44.0,34.5
-48.0,28.5
-51.5,27.0
-54.5,20.0
-60.0,6.0
-74.0,-2.0
-2.5,0.0
0.0,-36.5
-3.5,0.0
-1.0,4.5
0.0,45.5
-2.5,40.0
-6.5,37.5
-15.5,28.0
-25.5,18.5
-30.5,15.0
-34.0,11.5
-35.5,9.5
-42.5,2.0
-5.0,48.0
-10.5,41.0
-14.0,38.0
-16.5,37.0
-23.5,28.0
-33.5,19.0
-38.5,15.0
-42.0,11.5
-43.5,9.5
-50.5,1.5
-10.5,1.5
-13.5,0.0
-6.0,13.0
-3.0,1.5
-6.5,5.5
-12.0,0.0
-11.5,0.5
-9.5,5.0
-19.0,2.0
-20.5,0.0
4.5,8.0
-4.0,11.0
-6.0,7.5
-10.5,2.5
0.0,1.5
1.5,4.5
-3.5,2.5
2.5,10.5
-6.5,7.5
-11.0,3.0
-14.0,1.5
-15.5,0.5
1.5,6.0
-2.5,0.5
-3.5,3.0
-5.5,0.5
0.5,0.0
-0.5,1.0
0.0,34.0
-2.5,13.0
-25.0,10.0
-26.5,2.5
-1.5,1.0
0.0,0.0
-2.0,116.5
-5.5,113.0
-9.0,108.0
-13.0,104.0
-17.5,97.0
-23.5,85.5
-35.0,81.0
-40.0,76.0
-45.0,72.0
-53.5,64.5
-58.0,60.0
-60.5,58.5
-67.0,50.5
-70.5,48.5
-72.0,46.0
-76.0,38.5
-82.0,35.5
-84.5,23.5
-97.5,18.5
-103.5,14.0
-106.0,13.0
-108.0,11.0
-110.5,6.5
-115.5,2.0
-118.5,0.0
0.0,97.5
-23.5,44.5
-77.0,0.0
-5.0,23.0
-16.0,12.5
-18.0,8.5
-28.0,0.5
-4.0,9.5
-0.5,9.5
-3.0,7.5
-7.5,3.0
-10.0,0.0
-0.5,11.5
-2.0,10.0
-3.5,8.0
-7.5,5.0
-35.5,35.0
-37.5,31.0
-41.5,28.0
-44.5,23.0
-51.0,19.5
-59.5,11.0
-61.0,9.5
-63.0,7.5
-68.5,2.5
-2.0,6.5
-6.5,-2.0
-1.5,16.5
6.0,67.0
-35.0,-12.5
-1.0,3.0
-4.0,11.5
-1.5,3.0
1.0,2.5
-0.5,-1.0
-3.5,3.0
-4.0,1.5
-0.5,0.0
-0.5,3.5
-2.0,2.5
-3.5,0.5
-1.0,0.5
-4.5,0.0
-0.5,2.5
-2.5,5.5
-4.0,2.5
-14.5,2.5
-8.0,7.5
-13.5,2.5
-7.0,12.5
-12.5,9.5
-22.0,1.0
-4.5,2.5
-5.5,1.5
-0.5,110.5
-13.0,24.5
-96.0,0.0
0.0,108.0
-12.5,100.5
-20.0,99.5
-21.0,93.5
-27.0,91.5
-29.0,90.0
-30.5,85.0
-35.5,80.0
-41.0,76.0
-45.0,72.0
-49.0,69.5
-51.0,68.0
-52.5,65.5
-55.0,63.5
-57.5,52.5
-68.0,50.5
-70.5,48.5
-72.5,37.5
-83.5,33.0
-87.5,31.0
-90.5,22.0
-98.5,20.0
-101.5,9.5
-111.0,5.0
-115.5,0.5
-1.0,0.5
-1.0,0.5
-1.0,21.0
-15.5,18.5
-18.0,12.5
-24.0,6.5
-30.0,1.5
-35.5,0.0
-3.0,113.5
-6.0,110.0
-9.5,77.5
-42.0,4.5
-115.5,0.0
0.0,0.0
0.0,106.0
-17.5,0.0
-0.5,112.5
-8.5,105.0
-16.5,102.0
-19.0,73.0
-49.5,23.5
-97.0,0.0
0.0,0.0
0.0,89.0
-31.5,81.0
-39.5,67.5
-53.0,47.0
-73.5,22.0
-99.0,12.5
-108.0,0.0
-0.5,46.5
-15.5,18.5
-43.5,13.0
-49.0,1.0
-1.0,10.5
-20.5,1.0
-2.0,0.5
0.0,118.5
-2.0,110.5
-10.0,103.0
-18.0,99.5
-21.5,95.0
-26.0,91.0
-30.0,88.0
-32.5,85.5
-35.0,76.0
-44.5,72.5
-48.0,70.5
-50.0,65.5
-55.5,61.5
-59.0,55.5
-65.0,53.0
-67.5,48.5
-72.0,47.0
-73.5,40.0
-80.5,35.0
-86.0,30.5
-90.5,28.5
-92.0,22.0
-98.5,14.0
-106.5,7.0
-114.0,1.5
-119.0,0.0
0.0,16.0
-37.5,0.5
-1.0,0.5
-0.5,58.0
-2.0,54.5
-6.0,49.5
-10.0,35.0
-24.5,29.5
-30.0,25.0
-34.5,16.0
-43.5,12.0
-47.5,0.0
0.0,111.0
-12.5,89.0
-31.5,84.0
-36.5,71.0
-49.5,51.0
-70.0,43.0
-78.0,0.0
-1.0,0.5
-1.0,3.5
-4.5,1.0
-1.0,46.0
-2.5,44.0
-5.0,36.5
-12.5,32.5
-16.0,27.5
-21.5,24.0
-24.5,21.0
-27.5,15.5
-33.0,13.0
-35.5,11.0
-37.5,8.5
-40.0,1.0
1.0,27.0
-1.0,21.5
-6.5,17.0
-11.0,11.5
-16.5,8.5
-20.0,6.5
-21.5,1.5
-26.5,0.0
-1.0,16.0
-3.5,12.5
-7.0,8.0
-11.5,6.5
-14.0,1.5
-18.5,0.0
0.0,1.0
-2.0,76.5
-24.5,25.0
-76.0,9.0
-93.0,0.0
-0.5,72.0
-44.0,61.5
-55.5,22.0
-94.0,17.0
-99.0,0.0
0.0,93.0
-27.5,33.0
-88.0,31.0
-90.0,29.5
-91.5,7.0
-115.0,4.5
-116.5,0.0
0.0,59.0
-46.0,52.0
-52.5,25.5
-79.5,0.0
0.0,91.5
-8.5,67.5
-31.0,65.0
-34.0,57.0
-42.0,55.0
-43.5,25.5
-73.5,12.0
-86.5,11.0
-87.5,10.0
-88.5,0.5
-1.0,18.0
-4.0,0.0
0.0,10.0
-6.5,8.5
-8.0,6.0
-10.5,4.0
-13.5,0.5
-1.0,6.0
-2.5,4.5
-4.5,0.5
-1.0,86.0
-2.0,84.0
-4.5,82.5
-6.0,80.0
-9.0,77.0
-11.0,75.5
-12.5,73.5
-14.5,72.5
-15.5,71.0
-17.0,65.0
-24.0,59.0
-29.0,55.0
-33.5,52.5
-35.5,50.5
-38.5,45.5
-43.0,39.0
-49.0,36.0
-52.0,34.5
-53.5,33.0
-56.0,29.0
-60.0,25.5
-62.5,8.0
-80.5,4.0
-84.0,0.0
-1.0,88.0
-13.5,68.0
-33.5,61.0
-41.0,44.0
-58.5,28.5
-74.0,0.0
-0.5,0.5
-12.0,20.0
-5.0,12.5
-12.0,0.0
-9.5,-0.5
-7.0,2.0
-2.0,0.0
-10.5,4.5
-0.5,80.5
-15.5,55.5
-40.5,27.5
-68.5,11.5
-84.5,8.0
-88.5,-7.5
0.0,-2.0
-1.0,60.0
-7.5,53.5
-14.5,0.5
-1.0,0.0
-7.0,5.5
-6.0,4.5
-10.0,2.5
-2.5,-0.5
-1.5,-1.0
0.5,0.0
-6.0,4.5
-1.5,-0.5
3.5,-1.0
0.5,-3.0
0.0,114.5
-8.5,108.5
-13.5,98.0
-23.0,92.0
-28.5,87.5
-34.5,82.5
-39.5,67.5
-53.5,64.5
-56.5,62.0
-60.5,54.0
-67.0,52.0
-71.0,46.0
-76.0,39.0
-81.5,35.0
-85.5,29.5
-91.0,25.0
-97.0,19.5
-102.0,7.0
-114.0,5.0
-116.0,2.0
-119.0,0.0
-2.0,4.5
-6.5,0.5
-3.5,5.0
-5.0,1.0
-3.0,11.0
-8.5,5.5
-4.0,1.5
-2.5,6.5
-8.5,0.5
-0.5,13.0
-4.5,7.5
-12.0,1.5
-2.0,13.0
-13.0,1.5
-0.5,0.0
-0.5,0.0
-0.5,0.5
-1.0,5.5
-6.0,0.5
-1.0,0.0
-0.5,0.5
-1.0,8.5
-4.5,1.0
-2.5,0.5
-1.0,27.5
-5.5,22.5
-11.0,17.0
-16.0,12.5
-20.5,8.5
-24.0,0.5
-0.5,4.5
-11.5,0.0
-1.5,77.0
-13.0,67.5
-26.0,51.0
-37.5,14.0
-76.0,4.5
0.0,105.0
-4.5,101.5
-8.0,91.0
-19.0,86.5
-22.5,82.0
-26.5,77.0
-32.5,54.5
-54.5,28.0
-82.0,23.5
-85.0,21.0
-89.0,16.0
-93.0,12.0
-96.5,2.0
-107.5,0.0
-1.0,0.5
-1.0,0.0
-0.5,0.0
-0.5,0.0
-0.5,0.5
-1.0,7.5
-7.0,0.5
-1.0,69.0
-11.0,54.0
-26.0,39.0
-42.0,33.0
-48.0,26.0
-54.0,21.0
-58.5,11.0
-69.0,6.0
-75.0,0.5
-0.5,0.0
-1.0,1.0
0.0,2.5
-1.0,0.0
-0.5,0.0
-1.0,105.5
-7.0,99.0
-13.5,52.0
-60.5,0.0
-1.0,1.0
-0.5,0.0
-1.5,6.5
-5.5,3.0
-1.0,1.0
-2.5,0.0
-0.5,0.0
-2.0,0.5
-2.5,7.0
-0.5,3.0
-5.5,17.5
-10.5,4.5
-0.5,-1.0
-6.0,1.5
-3.5,5.0
-1.5,0.5
-2.0,1.0
-3.5,0.0
-0.5,0.0
-1.0,2.5
-4.5,0.5
-6.0,4.5
-9.0,0.5
-1.5,1.0
-2.0,2.0
-1.5,0.5
-1.5,0.5
-3.5,3.0
-4.5,5.5
-0.5,0.5
-0.5,0.5
-1.0,13.0
-3.0,8.0
-8.0,6.0
-10.0,3.5
