category,mask,n11,n10,n01,n00,bin_doi_do_hat,n_nhan_chac,n_speech_policy
Asm,all,479,1778,3,4940,5,5414,2262
Asm,trong,423,1017,1,4183,3,4603,1443
Asm,bien,56,761,2,757,2,811,819
Babble,all,467,1502,27,3911,300,4100,2269
Babble,trong,454,1175,17,3567,219,3816,1848
Babble,bien,13,327,10,344,81,284,421
Clean,all,5525,279,62,660,60,6174,5864
Clean,trong,5074,196,21,306,25,5371,5295
Clean,bien,451,83,41,354,35,803,569
Music,all,3,32,752,6285,3899,3136,3934
Music,trong,0,4,749,6249,3876,3117,3880
Music,bien,3,28,3,36,23,19,54
Noise,all,31,248,0,6201,17,6215,296
Noise,trong,31,119,0,6067,14,6084,164
Noise,bien,0,129,0,134,3,131,132
