thr,Asm_TP,Asm_FP,Asm_FN,Asm_TN,Babble_TP,Babble_FP,Babble_FN,Babble_TN,Clean_TP,Clean_FP,Clean_FN,Clean_TN,Music_TP,Music_FP,Music_FN,Music_TN,Noise_TP,Noise_FP,Noise_FN,Noise_TN,Dev_TP,Dev_FP,Dev_FN,Dev_TN
-1e-06,1557,3483,0,0,1677,2628,0,0,4314,438,0,0,2573,2426,0,0,173,4387,0,0,4331,5198,0,0
0.0,1557,3483,0,0,1677,2628,0,0,4314,438,0,0,2573,2426,0,0,173,4387,0,0,4331,5198,0,0
4.131428571428574e-06,1557,3451,0,32,1677,2625,0,3,4314,426,0,12,2573,2421,0,5,173,4378,0,9,4331,5093,0,105
4.431333333333332e-05,1557,3441,0,42,1677,2623,0,5,4314,426,0,12,2573,2417,0,9,173,4342,0,45,4330,5063,1,135
8.483428571428573e-05,1557,3427,0,56,1677,2623,0,5,4314,423,0,15,2573,2411,0,15,173,4294,0,93,4330,5051,1,147
0.0001198,1557,3419,0,64,1677,2621,0,7,4314,421,0,17,2573,2399,0,27,173,4251,0,136,4330,5035,1,163
0.00015551428571428572,1557,3416,0,67,1677,2618,0,10,4314,419,0,19,2573,2393,0,33,170,4205,3,182,4329,5016,2,182
0.00019433333333333333,1557,3410,0,73,1677,2614,0,14,4314,418,0,20,2573,2388,0,38,166,4171,7,216,4327,4990,4,208
0.00022661333333333334,1557,3407,0,76,1677,2610,0,18,4314,417,0,21,2573,2385,0,41,163,4132,10,255,4325,4961,6,237
0.0002557428571428571,1557,3403,0,80,1677,2609,0,19,4314,416,0,22,2573,2380,0,46,161,4095,12,292,4322,4931,9,267
0.00028388571428571434,1557,3401,0,82,1677,2608,0,20,4314,416,0,22,2573,2374,0,52,160,4063,13,324,4319,4893,12,305
0.0003072066666666667,1557,3397,0,86,1677,2603,0,25,4314,416,0,22,2573,2370,0,56,155,4030,18,357,4319,4861,12,337
0.00033486285714285713,1557,3392,0,91,1677,2600,0,28,4313,416,1,22,2573,2365,0,61,154,3995,19,392,4316,4831,15,367
0.00036908000000000004,1557,3387,0,96,1677,2598,0,30,4313,415,1,23,2573,2362,0,64,153,3963,20,424,4315,4793,16,405
0.0003982190476190476,1557,3384,0,99,1677,2595,0,33,4313,415,1,23,2573,2355,0,71,150,3928,23,459,4315,4761,16,437
0.0004262857142857142,1557,3381,0,102,1677,2593,0,35,4313,415,1,23,2573,2353,0,73,150,3897,23,490,4313,4718,18,480
0.00045522666666666673,1557,3378,0,105,1677,2592,0,36,4313,415,1,23,2573,2347,0,79,150,3863,23,524,4312,4680,19,518
0.0004885,1557,3374,0,109,1677,2589,0,39,4313,414,1,24,2573,2344,0,82,150,3836,23,551,4312,4636,19,562
0.00052076,1557,3370,0,113,1677,2587,0,41,4313,414,1,24,2572,2338,1,88,149,3806,24,581,4310,4598,21,600
0.0005545,1557,3367,0,116,1677,2585,0,43,4313,414,1,24,2572,2332,1,94,147,3772,26,615,4310,4563,21,635
0.0005867047619047619,1557,3359,0,124,1677,2583,0,45,4313,414,1,24,2572,2326,1,100,147,3740,26,647,4309,4528,22,670
0.0006206066666666665,1557,3353,0,130,1677,2581,0,47,4313,414,1,24,2572,2321,1,105,145,3708,28,679,4307,4494,24,704
0.0006547266666666668,1557,3347,0,136,1677,2579,0,49,4313,414,1,24,2572,2314,1,112,144,3676,29,711,4307,4459,24,739
0.0006911447619047618,1557,3340,0,143,1677,2577,0,51,4313,414,1,24,2572,2312,1,114,142,3632,31,755,4304,4436,27,762
0.0007300000000000001,1557,3331,0,152,1677,2575,0,53,4313,414,1,24,2571,2306,2,120,141,3597,32,790,4301,4411,30,787
0.000772,1557,3324,0,159,1677,2572,0,56,4313,414,1,24,2571,2304,2,122,139,3558,34,829,4300,4382,31,816
0.000809692380952381,1557,3319,0,164,1677,2566,0,62,4313,413,1,25,2571,2300,2,126,137,3525,36,862,4300,4350,31,848
0.0008448552380952382,1557,3313,0,170,1677,2562,0,66,4313,411,1,27,2571,2295,2,131,137,3495,36,892,4299,4315,32,883
0.0008931066666666667,1557,3308,0,175,1677,2560,0,68,4313,411,1,27,2571,2292,2,134,135,3454,38,933,4299,4285,32,913
0.0009264466666666665,1557,3298,0,185,1677,2558,0,70,4313,411,1,27,2570,2284,3,142,135,3423,38,964,4299,4254,32,944
0.0009761666666666665,1557,3296,0,187,1677,2555,0,73,4313,411,1,27,2570,2278,3,148,134,3379,39,1008,4299,4228,32,970
0.0010241266666666667,1557,3293,0,190,1677,2551,0,77,4313,411,1,27,2569,2271,4,155,133,3349,40,1038,4298,4191,33,1007
0.0010765533333333334,1557,3289,0,194,1677,2550,0,78,4313,411,1,27,2568,2263,5,163,133,3307,40,1080,4298,4164,33,1034
0.0011214533333333335,1557,3281,0,202,1677,2547,0,81,4313,410,1,28,2568,2257,5,169,132,3279,41,1108,4298,4128,33,1070
0.0011720552380952382,1557,3271,0,212,1677,2544,0,84,4313,410,1,28,2568,2255,5,171,131,3245,42,1142,4298,4095,33,1103
0.0012218666666666668,1557,3262,0,221,1677,2543,0,85,4313,409,1,29,2568,2254,5,172,131,3200,42,1187,4297,4070,34,1128
0.0012662733333333332,1557,3252,0,231,1677,2541,0,87,4313,408,1,30,2568,2249,5,177,129,3164,44,1223,4296,4044,35,1154
0.00132818,1557,3245,0,238,1677,2539,0,89,4313,407,1,31,2568,2246,5,180,128,3125,45,1262,4295,4015,36,1183
0.0013723266666666666,1557,3234,0,249,1677,2536,0,92,4313,407,1,31,2568,2240,5,186,127,3099,46,1288,4291,3983,40,1215
0.00142674,1557,3223,0,260,1677,2533,0,95,4313,404,1,34,2568,2230,5,196,127,3065,46,1322,4290,3962,41,1236
0.0014890571428571428,1557,3217,0,266,1677,2531,0,97,4313,403,1,35,2567,2220,6,206,127,3031,46,1356,4289,3934,42,1264
0.0015623466666666666,1557,3213,0,270,1677,2526,0,102,4313,402,1,36,2567,2217,6,209,125,2998,48,1389,4289,3899,42,1299
0.0016137752380952378,1557,3203,0,280,1677,2524,0,104,4313,402,1,36,2567,2211,6,215,124,2960,49,1427,4289,3873,42,1325
0.0016749266666666663,1557,3196,0,287,1677,2520,0,108,4313,401,1,37,2567,2206,6,220,121,2920,52,1467,4289,3850,42,1348
0.0017492066666666669,1557,3184,0,299,1677,2514,0,114,4313,401,1,37,2567,2199,6,227,121,2892,52,1495,4287,3822,44,1376
0.0018215619047619051,1555,3172,2,311,1676,2509,1,119,4313,401,1,37,2565,2191,8,235,120,2865,53,1522,4286,3798,45,1400
0.0018986933333333333,1555,3158,2,325,1676,2507,1,121,4313,398,1,40,2565,2183,8,243,119,2829,54,1558,4286,3779,45,1419
0.001968706666666667,1555,3143,2,340,1676,2503,1,125,4313,398,1,40,2565,2173,8,253,118,2799,55,1588,4286,3756,45,1442
0.0020436933333333332,1555,3133,2,350,1676,2499,1,129,4313,397,1,41,2565,2167,8,259,118,2771,55,1616,4286,3722,45,1476
0.00213684,1555,3119,2,364,1676,2496,1,132,4313,397,1,41,2565,2153,8,273,117,2745,56,1642,4285,3698,46,1500
0.0022118333333333334,1555,3107,2,376,1676,2489,1,139,4313,397,1,41,2565,2147,8,279,117,2715,56,1672,4285,3671,46,1527
0.0022955542857142856,1555,3094,2,389,1676,2486,1,142,4313,397,1,41,2565,2139,8,287,117,2679,56,1708,4285,3648,46,1550
0.002374096190476191,1555,3083,2,400,1676,2485,1,143,4313,395,1,43,2565,2132,8,294,117,2647,56,1740,4284,3619,47,1579
0.002459646666666667,1555,3069,2,414,1676,2484,1,144,4313,395,1,43,2565,2125,8,301,117,2613,56,1774,4284,3592,47,1606
0.0025507333333333335,1552,3057,5,426,1676,2479,1,149,4313,394,1,44,2565,2118,8,308,117,2588,56,1799,4284,3562,47,1636
0.0026314333333333335,1551,3043,6,440,1676,2476,1,152,4313,394,1,44,2565,2112,8,314,117,2555,56,1832,4282,3538,49,1660
0.0027429599999999996,1550,3029,7,454,1676,2474,1,154,4313,394,1,44,2565,2109,8,317,117,2518,56,1869,4282,3512,49,1686
0.0028401780952380957,1549,3015,8,468,1676,2472,1,156,4313,393,1,45,2565,2101,8,325,115,2493,58,1894,4280,3484,51,1714
0.0029455542857142842,1547,2997,10,486,1676,2465,1,163,4313,391,1,47,2565,2094,8,332,115,2467,58,1920,4280,3463,51,1735
0.003056,1546,2986,11,497,1676,2458,1,170,4313,390,1,48,2565,2087,8,339,114,2439,59,1948,4278,3438,53,1760
0.0031614333333333314,1546,2973,11,510,1676,2455,1,173,4313,390,1,48,2565,2075,8,351,113,2410,60,1977,4277,3414,54,1784
0.0032746666666666666,1545,2957,12,526,1676,2450,1,178,4313,389,1,49,2565,2065,8,361,113,2385,60,2002,4276,3391,55,1807
0.0033866514285714275,1544,2942,13,541,1676,2447,1,181,4313,388,1,50,2565,2057,8,369,112,2362,61,2025,4275,3360,56,1838
0.0034947885714285733,1540,2931,17,552,1676,2442,1,186,4313,387,1,51,2565,2047,8,379,112,2337,61,2050,4275,3333,56,1865
0.0036376800000000008,1540,2915,17,568,1676,2441,1,187,4313,387,1,51,2565,2038,8,388,111,2310,62,2077,4274,3305,57,1893
0.003746885714285715,1540,2901,17,582,1676,2431,1,197,4313,384,1,54,2565,2033,8,393,111,2281,62,2106,4273,3284,58,1914
0.0038755200000000012,1538,2889,19,594,1676,2428,1,200,4313,384,1,54,2565,2021,8,405,110,2247,63,2140,4273,3265,58,1933
0.004014657142857143,1535,2872,22,611,1676,2423,1,205,4313,383,1,55,2565,2013,8,413,110,2220,63,2167,4271,3245,60,1953
0.004111373333333335,1532,2859,25,624,1676,2415,1,213,4313,381,1,57,2565,2006,8,420,110,2198,63,2189,4270,3218,61,1980
0.004238906666666667,1528,2842,29,641,1676,2412,1,216,4313,380,1,58,2565,1995,8,431,110,2171,63,2216,4270,3198,61,2000
0.004350866666666666,1525,2824,32,659,1675,2408,2,220,4313,379,1,59,2565,1988,8,438,110,2145,63,2242,4270,3175,61,2023
0.00446922,1520,2805,37,678,1675,2407,2,221,4313,379,1,59,2564,1979,9,447,110,2124,63,2263,4270,3148,61,2050
0.004615046666666667,1516,2787,41,696,1675,2405,2,223,4313,379,1,59,2563,1967,10,459,110,2100,63,2287,4270,3126,61,2072
0.004742386666666667,1512,2769,45,714,1675,2399,2,229,4313,379,1,59,2562,1960,11,466,110,2070,63,2317,4270,3109,61,2089
0.004891474285714286,1510,2753,47,730,1675,2394,2,234,4313,379,1,59,2562,1942,11,484,110,2056,63,2331,4270,3081,61,2117
0.005042833333333333,1507,2734,50,749,1675,2388,2,240,4313,379,1,59,2562,1935,11,491,110,2030,63,2357,4270,3060,61,2138
0.005173953333333333,1501,2712,56,771,1675,2380,2,248,4313,379,1,59,2562,1926,11,500,110,2011,63,2376,4270,3041,61,2157
0.005312606666666667,1496,2691,61,792,1675,2377,2,251,4313,378,1,60,2560,1917,13,509,110,1992,63,2395,4267,3021,64,2177
0.005467528571428572,1492,2677,65,806,1675,2373,2,255,4313,378,1,60,2559,1906,14,520,110,1967,63,2420,4267,2997,64,2201
0.00562762,1490,2662,67,821,1675,2366,2,262,4313,378,1,60,2559,1898,14,528,110,1938,63,2449,4266,2976,65,2222
0.005796371428571429,1486,2647,71,836,1675,2360,2,268,4313,377,1,61,2559,1885,14,541,110,1913,63,2474,4265,2958,66,2240
0.00597704761904762,1482,2627,75,856,1673,2356,4,272,4313,377,1,61,2559,1878,14,548,110,1887,63,2500,4264,2939,67,2259
0.00610474,1479,2611,78,872,1673,2350,4,278,4313,376,1,62,2559,1868,14,558,110,1861,63,2526,4263,2919,68,2279
0.006276240000000001,1472,2595,85,888,1672,2347,5,281,4313,376,1,62,2557,1855,16,571,110,1843,63,2544,4263,2896,68,2302
0.006425453333333331,1468,2576,89,907,1672,2339,5,289,4313,375,1,63,2556,1850,17,576,110,1822,63,2565,4262,2873,69,2325
0.006575666666666665,1467,2555,90,928,1672,2332,5,296,4313,374,1,64,2556,1834,17,592,110,1803,63,2584,4259,2858,72,2340
0.006735959999999999,1465,2534,92,949,1672,2329,5,299,4313,373,1,65,2556,1821,17,605,110,1781,63,2606,4256,2840,75,2358
0.006909148571428571,1464,2519,93,964,1672,2319,5,309,4313,371,1,67,2556,1805,17,621,110,1761,63,2626,4254,2823,77,2375
0.0070873142857142855,1462,2504,95,979,1672,2308,5,320,4313,370,1,68,2556,1793,17,633,110,1735,63,2652,4254,2807,77,2391
0.007285313333333334,1454,2490,103,993,1671,2300,6,328,4313,370,1,68,2556,1780,17,646,110,1718,63,2669,4250,2789,81,2409
0.007489328571428574,1448,2469,109,1014,1671,2294,6,334,4313,368,1,70,2556,1769,17,657,110,1699,63,2688,4250,2771,81,2427
0.007675992380952381,1443,2449,114,1034,1671,2290,6,338,4313,366,1,72,2555,1755,18,671,109,1683,64,2704,4248,2753,83,2445
0.007861593333333335,1428,2439,129,1044,1671,2284,6,344,4313,366,1,72,2555,1741,18,685,109,1660,64,2727,4246,2740,85,2458
0.008070606666666669,1421,2424,136,1059,1670,2280,7,348,4313,365,1,73,2555,1730,18,696,109,1640,64,2747,4245,2717,86,2481
0.008274166666666671,1415,2408,142,1075,1670,2271,7,357,4313,365,1,73,2555,1719,18,707,109,1620,64,2767,4243,2698,88,2500
0.008483900000000003,1408,2381,149,1102,1670,2268,7,360,4313,364,1,74,2555,1713,18,713,109,1597,64,2790,4242,2683,89,2515
0.008698857142857144,1402,2352,155,1131,1670,2266,7,362,4313,361,1,77,2555,1706,18,720,109,1581,64,2806,4239,2666,92,2532
0.00890722,1399,2335,158,1148,1670,2258,7,370,4313,361,1,77,2554,1690,19,736,109,1561,64,2826,4239,2648,92,2550
0.009154673333333333,1392,2309,165,1174,1670,2251,7,377,4313,361,1,77,2554,1679,19,747,109,1548,64,2839,4237,2631,94,2567
0.009392222857142855,1386,2285,171,1198,1670,2246,7,382,4313,360,1,78,2554,1669,19,757,109,1527,64,2860,4236,2616,95,2582
0.009591714285714287,1379,2266,178,1217,1670,2242,7,386,4313,358,1,80,2553,1653,20,773,109,1506,64,2881,4234,2606,97,2592
0.009818286666666672,1376,2244,181,1239,1670,2237,7,391,4313,357,1,81,2553,1642,20,784,109,1485,64,2902,4232,2588,99,2610
0.010020590476190475,1367,2218,190,1265,1670,2234,7,394,4313,357,1,81,2553,1634,20,792,109,1465,64,2922,4230,2573,101,2625
0.010291702857142858,1361,2198,196,1285,1670,2229,7,399,4313,356,1,82,2552,1627,21,799,109,1449,64,2938,4229,2547,102,2651
0.010488520000000001,1358,2170,199,1313,1670,2223,7,405,4313,352,1,86,2551,1621,22,805,109,1440,64,2947,4227,2523,104,2675
0.010755723809523814,1350,2155,207,1328,1670,2214,7,414,4313,352,1,86,2551,1611,22,815,109,1420,64,2967,4224,2505,107,2693
0.010989946666666665,1346,2137,211,1346,1669,2206,8,422,4312,352,2,86,2551,1599,22,827,109,1400,64,2987,4223,2487,108,2711
0.011260655238095241,1339,2112,218,1371,1669,2197,8,431,4312,351,2,87,2551,1591,22,835,109,1386,64,3001,4221,2470,110,2728
0.011564950476190477,1335,2080,222,1403,1669,2185,8,443,4312,351,2,87,2550,1587,23,839,109,1377,64,3010,4219,2451,112,2747
0.011812282857142862,1329,2061,228,1422,1669,2174,8,454,4312,350,2,88,2549,1572,24,854,109,1365,64,3022,4214,2438,117,2760
0.012104433333333334,1319,2032,238,1451,1669,2171,8,457,4312,350,2,88,2547,1563,26,863,109,1348,64,3039,4213,2426,118,2772
0.012317226666666667,1311,2010,246,1473,1669,2168,8,460,4312,349,2,89,2545,1551,28,875,109,1331,64,3056,4212,2409,119,2789
0.012588122857142857,1303,1984,254,1499,1668,2163,9,465,4312,349,2,89,2545,1539,28,887,109,1317,64,3070,4209,2395,122,2803
0.012902806666666669,1295,1962,262,1521,1668,2160,9,468,4312,347,2,91,2544,1529,29,897,109,1304,64,3083,4200,2380,131,2818
0.013218876190476191,1291,1933,266,1550,1668,2157,9,471,4312,346,2,92,2543,1522,30,904,109,1292,64,3095,4194,2360,137,2838
0.013466200000000006,1284,1915,273,1568,1668,2147,9,481,4312,345,2,93,2543,1508,30,918,109,1283,64,3104,4191,2339,140,2859
0.013834205714285714,1279,1883,278,1600,1668,2139,9,489,4312,344,2,94,2543,1500,30,926,108,1272,65,3115,4190,2323,141,2875
0.01412456,1269,1861,288,1622,1668,2132,9,496,4312,343,2,95,2543,1492,30,934,108,1259,65,3128,4187,2304,144,2894
0.014465821904761903,1262,1838,295,1645,1667,2126,10,502,4311,341,3,97,2542,1482,31,944,108,1245,65,3142,4182,2291,149,2907
0.014808279999999998,1252,1811,305,1672,1667,2124,10,504,4311,340,3,98,2542,1472,31,954,108,1236,65,3151,4180,2269,151,2929
0.015078033333333333,1248,1781,309,1702,1667,2119,10,509,4311,339,3,99,2542,1458,31,968,108,1225,65,3162,4175,2256,156,2942
0.015363999999999997,1241,1751,316,1732,1667,2117,10,511,4311,338,3,100,2542,1454,31,972,108,1205,65,3182,4174,2238,157,2960
0.01572796666666666,1237,1725,320,1758,1667,2108,10,520,4311,336,3,102,2541,1443,32,983,107,1199,66,3188,4166,2223,165,2975
0.016038977142857146,1231,1696,326,1787,1667,2098,10,530,4311,334,3,104,2539,1435,34,991,107,1186,66,3201,4162,2214,169,2984
0.016376666666666668,1223,1664,334,1819,1667,2092,10,536,4311,333,3,105,2539,1424,34,1002,107,1176,66,3211,4158,2204,173,2994
0.016740714285714286,1215,1645,342,1838,1667,2078,10,550,4311,332,3,106,2539,1415,34,1011,106,1160,67,3227,4156,2191,175,3007
0.017056546666666672,1201,1629,356,1854,1666,2073,11,555,4311,331,3,107,2538,1404,35,1022,106,1142,67,3245,4153,2178,178,3020
0.017409459999999998,1188,1608,369,1875,1665,2069,12,559,4311,331,3,107,2538,1386,35,1040,106,1128,67,3259,4151,2168,180,3030
0.01773436571428572,1180,1582,377,1901,1665,2057,12,571,4311,330,3,108,2538,1370,35,1056,106,1119,67,3268,4149,2159,182,3039
0.01809675142857143,1168,1556,389,1927,1665,2051,12,577,4311,330,3,108,2538,1359,35,1067,106,1104,67,3283,4148,2147,183,3051
0.018509833333333336,1163,1525,394,1958,1665,2042,12,586,4311,330,3,108,2537,1347,36,1079,106,1096,67,3291,4145,2133,186,3065
0.01887806666666667,1156,1495,401,1988,1665,2035,12,593,4311,328,3,110,2537,1336,36,1090,106,1091,67,3296,4138,2119,193,3079
0.019235833333333337,1147,1473,410,2010,1663,2024,14,604,4311,328,3,110,2536,1325,37,1101,106,1080,67,3307,4135,2106,196,3092
0.019594628571428574,1141,1455,416,2028,1663,2013,14,615,4311,327,3,111,2536,1309,37,1117,106,1066,67,3321,4132,2092,199,3106
0.02006328285714286,1132,1430,425,2053,1661,2004,16,624,4311,326,3,112,2536,1300,37,1126,106,1057,67,3330,4131,2074,200,3124
0.020463766666666668,1125,1410,432,2073,1661,1998,16,630,4311,325,3,113,2535,1286,38,1140,106,1048,67,3339,4124,2056,207,3142
0.020791613333333337,1120,1384,437,2099,1661,1989,16,639,4311,325,3,113,2534,1277,39,1149,106,1040,67,3347,4120,2035,211,3163
0.021151235238095242,1114,1367,443,2116,1659,1981,18,647,4311,324,3,114,2534,1265,39,1161,106,1024,67,3363,4115,2019,216,3179
0.021532133333333335,1105,1344,452,2139,1659,1973,18,655,4311,324,3,114,2534,1252,39,1174,106,1018,67,3369,4110,2000,221,3198
0.021963725714285714,1096,1325,461,2158,1659,1958,18,670,4311,323,3,115,2532,1244,41,1182,106,1008,67,3379,4107,1984,224,3214
0.022428466666666667,1079,1305,478,2178,1658,1954,19,674,4311,323,3,115,2532,1237,41,1189,106,1002,67,3385,4103,1960,228,3238
0.02281919333333333,1069,1280,488,2203,1657,1946,20,682,4311,322,3,116,2531,1228,42,1198,106,987,67,3400,4101,1949,230,3249
0.02341518857142857,1064,1252,493,2231,1657,1934,20,694,4311,321,3,117,2530,1220,43,1206,106,977,67,3410,4097,1935,234,3263
0.02388003333333333,1055,1235,502,2248,1657,1919,20,709,4311,321,3,117,2528,1210,45,1216,106,961,67,3426,4094,1924,237,3274
0.024325366666666664,1040,1215,517,2268,1656,1911,21,717,4311,321,3,117,2528,1202,45,1224,106,951,67,3436,4091,1906,240,3292
0.02481659999999999,1030,1185,527,2298,1655,1901,22,727,4311,321,3,117,2528,1194,45,1232,106,941,67,3446,4087,1896,244,3302
0.025264493333333336,1022,1163,535,2320,1654,1889,23,739,4311,321,3,117,2528,1180,45,1246,106,932,67,3455,4083,1883,248,3315
0.02572211428571428,1010,1139,547,2344,1654,1878,23,750,4311,320,3,118,2528,1173,45,1253,106,921,67,3466,4076,1873,255,3325
0.026137526666666668,1002,1109,555,2374,1654,1868,23,760,4311,319,3,119,2527,1164,46,1262,106,909,67,3478,4074,1863,257,3335
0.026655302857142852,988,1088,569,2395,1654,1860,23,768,4311,319,3,119,2526,1154,47,1272,106,901,67,3486,4069,1847,262,3351
0.0271865,978,1071,579,2412,1654,1846,23,782,4311,319,3,119,2526,1147,47,1279,106,886,67,3501,4065,1832,266,3366
0.027707234285714293,968,1042,589,2441,1652,1842,25,786,4311,319,3,119,2524,1140,49,1286,106,878,67,3509,4058,1818,273,3380
0.028339445714285715,963,1008,594,2475,1651,1839,26,789,4311,318,3,120,2522,1131,51,1295,106,858,67,3529,4056,1812,275,3386
0.028929422857142856,949,988,608,2495,1649,1827,28,801,4311,318,3,120,2522,1125,51,1301,106,846,67,3541,4054,1797,277,3401
0.029463493333333333,937,965,620,2518,1648,1817,29,811,4311,318,3,120,2522,1114,51,1312,106,836,67,3551,4052,1783,279,3415
0.029995200000000007,929,938,628,2545,1646,1808,31,820,4311,316,3,122,2522,1105,51,1321,106,828,67,3559,4049,1768,282,3430
0.030514173333333335,921,917,636,2566,1646,1797,31,831,4310,315,4,123,2521,1094,52,1332,106,817,67,3570,4045,1754,286,3444
0.03109498666666668,910,897,647,2586,1644,1784,33,844,4310,315,4,123,2521,1086,52,1340,106,809,67,3578,4039,1739,292,3459
0.03176408,904,875,653,2608,1642,1775,35,853,4310,313,4,125,2520,1075,53,1351,106,802,67,3585,4034,1721,297,3477
0.03228808380952384,897,851,660,2632,1640,1760,37,868,4310,312,4,126,2520,1070,53,1356,106,795,67,3592,4028,1705,303,3493
0.03292076190476191,887,828,670,2655,1640,1748,37,880,4310,311,4,127,2519,1060,54,1366,105,788,68,3599,4023,1692,308,3506
0.03347257333333334,877,813,680,2670,1637,1731,40,897,4310,311,4,127,2519,1054,54,1372,105,777,68,3610,4017,1677,314,3521
0.03406222857142858,868,791,689,2692,1636,1718,41,910,4310,310,4,128,2518,1045,55,1381,105,769,68,3618,4012,1663,319,3535
0.03478022666666668,860,770,697,2713,1635,1698,42,930,4310,310,4,128,2518,1038,55,1388,105,762,68,3625,4007,1649,324,3549
0.03535186666666667,855,745,702,2738,1630,1684,47,944,4310,310,4,128,2518,1028,55,1398,105,753,68,3634,4004,1637,327,3561
0.0360279,848,725,709,2758,1629,1666,48,962,4310,307,4,131,2518,1021,55,1405,105,745,68,3642,4001,1621,330,3577
0.03673044,840,705,717,2778,1627,1649,50,979,4310,307,4,131,2518,1012,55,1414,105,736,68,3651,3997,1607,334,3591
0.03730842857142857,829,686,728,2797,1622,1642,55,986,4310,307,4,131,2518,1000,55,1426,104,728,69,3659,3992,1592,339,3606
0.03793331333333333,815,670,742,2813,1618,1624,59,1004,4310,307,4,131,2518,989,55,1437,103,722,70,3665,3992,1579,339,3619
0.038675499999999995,806,650,751,2833,1615,1609,62,1019,4310,306,4,132,2518,976,55,1450,103,715,70,3672,3987,1569,344,3629
0.03943319999999996,795,632,762,2851,1614,1604,63,1024,4310,305,4,133,2517,965,56,1461,103,705,70,3682,3982,1549,349,3649
0.040214593333333326,788,614,769,2869,1611,1596,66,1032,4310,305,4,133,2516,954,57,1472,103,691,70,3696,3978,1532,353,3666
0.04101531333333332,778,596,779,2887,1609,1588,68,1040,4310,304,4,134,2515,944,58,1482,103,675,70,3712,3976,1517,355,3681
0.04168824666666667,769,582,788,2901,1605,1578,72,1050,4310,304,4,134,2515,929,58,1497,102,658,71,3729,3974,1506,357,3692
0.04252698666666665,761,569,796,2914,1605,1563,72,1065,4310,304,4,134,2515,918,58,1508,101,646,72,3741,3966,1491,365,3707
0.0433545,750,556,807,2927,1604,1549,73,1079,4310,303,4,135,2512,902,61,1524,101,639,72,3748,3963,1478,368,3720
0.0441313942857143,745,541,812,2942,1602,1533,75,1095,4310,303,4,135,2510,889,63,1537,100,628,73,3759,3959,1464,372,3734
0.04525525714285714,735,523,822,2960,1601,1510,76,1118,4310,302,4,136,2510,880,63,1546,99,626,74,3761,3957,1448,374,3750
0.04618018285714287,727,502,830,2981,1597,1496,80,1132,4310,301,4,137,2509,874,64,1552,99,618,74,3769,3953,1432,378,3766
0.04695811333333333,718,482,839,3001,1596,1482,81,1146,4310,300,4,138,2509,866,64,1560,98,611,75,3776,3950,1413,381,3785
0.047849628571428576,706,467,851,3016,1593,1466,84,1162,4310,299,4,139,2507,854,66,1572,98,609,75,3778,3942,1401,389,3797
0.04890432571428571,696,452,861,3031,1588,1451,89,1177,4310,298,4,140,2505,848,68,1578,98,596,75,3791,3936,1391,395,3807
0.049740940000000025,688,440,869,3043,1586,1431,91,1197,4310,296,4,142,2503,840,70,1586,97,587,76,3800,3926,1382,405,3816
0.050661040000000004,674,431,883,3052,1579,1410,98,1218,4310,294,4,144,2502,829,71,1597,97,580,76,3807,3924,1373,407,3825
0.051777446666666706,667,417,890,3066,1576,1393,101,1235,4310,294,4,144,2502,818,71,1608,96,571,77,3816,3919,1357,412,3841
0.05273653333333334,660,408,897,3075,1569,1375,108,1253,4310,293,4,145,2501,807,72,1619,96,564,77,3823,3912,1342,419,3856
0.053683009523809555,652,395,905,3088,1567,1353,110,1275,4310,292,4,146,2501,798,72,1628,96,554,77,3833,3908,1328,423,3870
0.05479798666666667,639,385,918,3098,1564,1336,113,1292,4310,291,4,147,2500,786,73,1640,96,545,77,3842,3904,1315,427,3883
0.0562027942857143,632,369,925,3114,1558,1319,119,1309,4310,289,4,149,2499,782,74,1644,95,536,78,3851,3899,1300,432,3898
0.05737618666666669,621,349,936,3134,1555,1309,122,1319,4310,288,4,150,2497,772,76,1654,95,531,78,3856,3894,1284,437,3914
0.05870276190476192,612,336,945,3147,1548,1291,129,1337,4310,288,4,150,2496,763,77,1663,94,522,79,3865,3888,1274,443,3924
0.05972408666666667,605,321,952,3162,1545,1273,132,1355,4310,288,4,150,2496,749,77,1677,94,513,79,3874,3886,1259,445,3939
0.06108289904761905,599,310,958,3173,1537,1255,140,1373,4310,287,4,151,2495,745,78,1681,94,506,79,3881,3873,1245,458,3953
0.062194066666666666,589,299,968,3184,1525,1240,152,1388,4310,286,4,152,2494,738,79,1688,94,498,79,3889,3869,1231,462,3967
0.06335761142857142,584,290,973,3193,1517,1227,160,1401,4310,286,4,152,2492,727,81,1699,94,488,79,3899,3861,1214,470,3984
0.06483023333333332,578,280,979,3203,1507,1214,170,1414,4310,283,4,155,2492,715,81,1711,93,480,80,3907,3853,1202,478,3996
0.06610554666666667,568,272,989,3211,1496,1200,181,1428,4310,283,4,155,2491,702,82,1724,93,470,80,3917,3850,1189,481,4009
0.0675589771428571,561,265,996,3218,1487,1183,190,1445,4310,283,4,155,2490,697,83,1729,93,462,80,3925,3841,1169,490,4029
0.06884049809523808,550,258,1007,3225,1483,1168,194,1460,4310,281,4,157,2489,688,84,1738,93,455,80,3932,3830,1153,501,4045
0.07043769333333337,539,251,1018,3232,1469,1157,208,1471,4310,281,4,157,2487,680,86,1746,93,443,80,3944,3824,1141,507,4057
0.0718845,532,237,1025,3246,1457,1144,220,1484,4310,281,4,157,2486,670,87,1756,93,430,80,3957,3819,1134,512,4064
0.07338276000000003,523,231,1034,3252,1447,1129,230,1499,4310,279,4,159,2485,661,88,1765,92,422,81,3965,3816,1115,515,4083
0.07551026857142858,515,226,1042,3257,1435,1111,242,1517,4310,279,4,159,2484,650,89,1776,92,415,81,3972,3811,1099,520,4099
0.07726332571428574,507,214,1050,3269,1428,1090,249,1538,4310,279,4,159,2484,644,89,1782,92,407,81,3980,3805,1084,526,4114
0.07898695333333333,499,204,1058,3279,1416,1072,261,1556,4310,279,4,159,2484,638,89,1788,92,402,81,3985,3797,1068,534,4130
0.08047686666666666,489,198,1068,3285,1406,1053,271,1575,4310,278,4,160,2482,630,91,1796,91,393,82,3994,3795,1053,536,4145
0.08228247333333344,480,191,1077,3292,1397,1039,280,1589,4309,276,5,162,2480,619,93,1807,90,384,83,4003,3790,1040,541,4158
0.08417186,471,185,1086,3298,1389,1014,288,1614,4309,275,5,163,2479,615,94,1811,89,374,84,4013,3785,1027,546,4171
0.08653593714285714,460,178,1097,3305,1377,997,300,1631,4309,273,5,165,2477,609,96,1817,86,366,87,4021,3782,1015,549,4183
0.08873948,449,174,1108,3309,1370,983,307,1645,4309,273,5,165,2473,602,100,1824,85,363,88,4024,3773,992,558,4206
0.09090780000000018,436,167,1121,3316,1353,965,324,1663,4309,272,5,166,2473,592,100,1834,84,362,89,4025,3768,982,563,4216
0.09285147333333324,433,163,1124,3320,1336,949,341,1679,4309,271,5,167,2471,582,102,1844,84,355,89,4032,3763,964,568,4234
0.09477445333333333,424,160,1133,3323,1326,936,351,1692,4309,271,5,167,2471,573,102,1853,81,347,92,4040,3752,947,579,4251
0.09679262095238093,414,155,1143,3328,1318,922,359,1706,4309,271,5,167,2467,561,106,1865,80,339,93,4048,3745,933,586,4265
0.09876815333333339,409,149,1148,3334,1305,895,372,1733,4309,271,5,167,2466,555,107,1871,79,334,94,4053,3739,920,592,4278
0.10098692380952376,407,147,1150,3336,1291,876,386,1752,4309,269,5,169,2463,542,110,1884,78,326,95,4061,3733,907,598,4291
0.10321151333333335,402,140,1155,3343,1275,853,402,1775,4309,267,5,171,2463,536,110,1890,78,323,95,4064,3729,890,602,4308
0.10566451333333333,398,135,1159,3348,1251,842,426,1786,4309,267,5,171,2460,529,113,1897,77,318,96,4069,3722,874,609,4324
0.10776167333333343,395,127,1162,3356,1235,824,442,1804,4309,267,5,171,2458,523,115,1903,77,310,96,4077,3712,862,619,4336
0.10984141142857136,391,125,1166,3358,1220,803,457,1825,4309,267,5,171,2456,512,117,1914,76,305,97,4082,3705,847,626,4351
0.11211756666666668,382,123,1175,3360,1207,790,470,1838,4308,267,6,171,2454,503,119,1923,74,299,99,4088,3696,830,635,4368
0.11457838666666667,380,116,1177,3367,1195,769,482,1859,4308,267,6,171,2449,497,124,1929,74,297,99,4090,3686,812,645,4386
0.11681096571428584,377,112,1180,3371,1182,745,495,1883,4308,265,6,173,2444,492,129,1934,73,290,100,4097,3677,802,654,4396
0.11927359999999997,367,109,1190,3374,1165,731,512,1897,4308,265,6,173,2442,485,131,1941,73,285,100,4102,3668,786,663,4412
0.12209269333333334,362,103,1195,3380,1150,709,527,1919,4308,263,6,175,2442,479,131,1947,72,282,101,4105,3659,772,672,4426
0.124689,354,99,1203,3384,1134,695,543,1933,4308,263,6,175,2442,475,131,1951,72,277,101,4110,3648,752,683,4446
0.12758656000000013,342,94,1215,3389,1120,678,557,1950,4308,263,6,175,2439,467,134,1959,72,273,101,4114,3637,743,694,4455
0.1300061866666667,339,93,1218,3390,1104,654,573,1974,4308,263,6,175,2438,457,135,1969,70,268,103,4119,3630,729,701,4469
0.13302684285714286,335,88,1222,3395,1088,637,589,1991,4307,261,7,177,2435,453,138,1973,68,260,105,4127,3623,715,708,4483
0.13615152,327,83,1230,3400,1077,619,600,2009,4307,261,7,177,2433,447,140,1979,66,256,107,4131,3614,697,717,4501
0.1383462,323,78,1234,3405,1059,601,618,2027,4307,261,7,177,2428,439,145,1987,66,248,107,4139,3609,685,722,4513
0.14162258666666672,321,74,1236,3409,1036,588,641,2040,4307,261,7,177,2428,431,145,1995,66,235,107,4152,3603,671,728,4527
0.14452661333333328,320,68,1237,3415,1021,565,656,2063,4307,259,7,179,2428,424,145,2002,65,227,108,4160,3595,659,736,4539
0.14763127333333334,316,67,1241,3416,1000,552,677,2076,4307,259,7,179,2426,417,147,2009,65,220,108,4167,3580,646,751,4552
0.15070477333333332,312,61,1245,3422,986,532,691,2096,4307,258,7,180,2423,410,150,2016,64,213,109,4174,3574,632,757,4566
0.1541839666666667,307,57,1250,3426,965,521,712,2107,4307,255,7,183,2419,397,154,2029,63,209,110,4178,3565,624,766,4574
0.15747002666666665,304,55,1253,3428,953,503,724,2125,4307,253,7,185,2417,386,156,2040,60,203,113,4184,3557,608,774,4590
0.16077631047619048,299,52,1258,3431,932,486,745,2142,4307,251,7,187,2416,381,157,2045,60,199,113,4188,3546,594,785,4604
0.16446403714285712,293,49,1264,3434,910,472,767,2156,4307,251,7,187,2410,377,163,2049,60,193,113,4194,3537,581,794,4617
0.1682013266666667,292,45,1265,3438,888,462,789,2166,4307,251,7,187,2409,366,164,2060,58,187,115,4200,3526,566,805,4632
0.17217093333333308,288,45,1269,3438,866,449,811,2179,4307,250,7,188,2405,357,168,2069,57,182,116,4205,3518,550,813,4648
0.17606952000000003,282,40,1275,3443,850,440,827,2188,4305,249,9,189,2403,350,170,2076,57,176,116,4211,3506,533,825,4665
0.1799715161904762,280,38,1277,3445,837,427,840,2201,4305,249,9,189,2399,341,174,2085,57,170,116,4217,3490,515,841,4683
0.18370235333333348,277,37,1280,3446,822,412,855,2216,4305,248,9,190,2393,331,180,2095,57,166,116,4221,3478,499,853,4699
0.18768975999999998,269,33,1288,3450,806,400,871,2228,4305,248,9,190,2390,322,183,2104,55,163,118,4224,3469,482,862,4716
0.19162685714285718,267,32,1290,3451,789,383,888,2245,4305,245,9,193,2383,313,190,2113,55,161,118,4226,3457,469,874,4729
0.19605970000000003,260,30,1297,3453,775,364,902,2264,4304,243,10,195,2380,307,193,2119,55,156,118,4231,3447,455,884,4743
0.2010567961904765,256,27,1301,3456,755,349,922,2279,4303,242,11,196,2376,301,197,2125,55,151,118,4236,3435,443,896,4755
0.20586796761904727,249,27,1308,3456,734,332,943,2296,4303,241,11,197,2375,295,198,2131,54,147,119,4240,3423,430,908,4768
0.21040922857142857,244,23,1313,3460,713,320,964,2308,4303,240,11,198,2372,291,201,2135,54,144,119,4243,3407,416,924,4782
0.215251,241,21,1316,3462,697,309,980,2319,4302,238,12,200,2370,280,203,2146,52,140,121,4247,3390,405,941,4793
0.22091516571428577,236,20,1321,3463,677,295,1000,2333,4302,236,12,202,2365,276,208,2150,51,134,122,4253,3379,391,952,4807
0.22595831333333335,228,17,1329,3466,657,280,1020,2348,4302,236,12,202,2361,271,212,2155,50,129,123,4258,3371,377,960,4821
0.23166476857142873,218,15,1339,3468,640,268,1037,2360,4302,235,12,203,2357,263,216,2163,50,123,123,4264,3357,368,974,4830
0.23663376571428574,213,14,1344,3469,627,251,1050,2377,4302,234,12,204,2348,258,225,2168,47,118,126,4269,3348,353,983,4845
0.2424883666666667,208,12,1349,3471,606,237,1071,2391,4302,233,12,205,2344,250,229,2176,46,115,127,4272,3333,344,998,4854
0.2497776000000001,207,12,1350,3471,586,221,1091,2407,4302,231,12,207,2338,240,235,2186,45,110,128,4277,3320,335,1011,4863
0.25643676,201,11,1356,3472,565,212,1112,2416,4302,231,12,207,2332,229,241,2197,45,103,128,4284,3310,323,1021,4875
0.26393597333333335,194,8,1363,3475,548,204,1129,2424,4302,230,12,208,2323,223,250,2203,44,100,129,4287,3298,307,1033,4891
0.2704757466666666,189,8,1368,3475,531,196,1146,2432,4302,228,12,210,2310,216,263,2210,44,96,129,4291,3286,292,1045,4906
0.2780212333333337,179,6,1378,3477,512,185,1165,2443,4301,225,13,213,2302,210,271,2216,43,94,130,4293,3274,284,1057,4914
0.28725680666666625,175,5,1382,3478,494,174,1183,2454,4301,224,13,214,2296,205,277,2221,42,89,131,4298,3252,275,1079,4923
0.29449042666666664,174,5,1383,3478,476,159,1201,2469,4300,221,14,217,2291,196,282,2230,40,82,133,4305,3239,266,1092,4932
0.3036725199999999,167,5,1390,3478,459,148,1218,2480,4299,219,15,219,2279,191,294,2235,40,78,133,4309,3224,257,1107,4941
0.3134350076190479,161,5,1396,3478,439,141,1238,2487,4299,216,15,222,2266,180,307,2246,40,74,133,4313,3215,247,1116,4951
0.3209181428571428,160,5,1397,3478,427,134,1250,2494,4299,212,15,226,2255,171,318,2255,39,70,134,4317,3196,232,1135,4966
0.32993987333333336,154,5,1403,3478,416,121,1261,2507,4299,210,15,228,2242,165,331,2261,39,69,134,4318,3177,220,1154,4978
0.3388340066666667,147,5,1410,3478,402,111,1275,2517,4298,207,16,231,2231,158,342,2268,35,66,138,4321,3163,211,1168,4987
0.34714996000000037,141,5,1416,3478,388,106,1289,2522,4298,203,16,235,2215,150,358,2276,35,60,138,4327,3146,204,1185,4994
0.35823484095238095,130,5,1427,3478,375,100,1302,2528,4296,200,18,238,2203,146,370,2280,33,57,140,4330,3129,194,1202,5004
0.3707319,124,4,1433,3479,363,95,1314,2533,4295,197,19,241,2184,141,389,2285,31,53,142,4334,3110,188,1221,5010
0.38121510285714283,120,4,1437,3479,343,85,1334,2543,4295,193,19,245,2172,137,401,2289,26,52,147,4335,3096,179,1235,5019
0.39330221714285724,115,4,1442,3479,331,75,1346,2553,4295,192,19,246,2156,127,417,2299,25,52,148,4335,3080,167,1251,5031
0.40411722666666666,110,4,1447,3479,323,70,1354,2558,4293,192,21,246,2141,120,432,2306,23,51,150,4336,3054,155,1277,5043
0.4175168914285716,105,4,1452,3479,304,65,1373,2563,4292,189,22,249,2124,112,449,2314,23,50,150,4337,3037,148,1294,5050
0.43058299999999994,100,3,1457,3480,295,57,1382,2571,4291,187,23,251,2112,106,461,2320,23,49,150,4338,3009,139,1322,5059
0.4424064266666668,92,2,1465,3481,287,49,1390,2579,4290,182,24,256,2096,105,477,2321,22,44,151,4343,2987,132,1344,5066
0.45384364380952386,91,2,1466,3481,274,42,1403,2586,4289,177,25,261,2076,96,497,2330,21,43,152,4344,2965,129,1366,5069
0.46927978666666703,90,2,1467,3481,259,37,1418,2591,4288,172,26,266,2064,89,509,2337,19,41,154,4346,2937,124,1394,5074
0.4839615485714286,87,2,1470,3481,247,32,1430,2596,4287,169,27,269,2044,85,529,2341,19,37,154,4350,2909,121,1422,5077
0.49704493333333344,82,2,1475,3481,236,29,1441,2599,4286,166,28,272,2024,81,549,2345,18,36,155,4351,2881,115,1450,5083
0.5116133714285716,77,2,1480,3481,228,27,1449,2601,4284,159,30,279,2001,78,572,2348,17,34,156,4353,2857,109,1474,5089
0.5253317599999991,73,2,1484,3481,219,20,1458,2608,4283,156,31,282,1973,77,600,2349,17,29,156,4358,2838,103,1493,5095
0.5389446961904762,71,2,1486,3481,205,19,1472,2609,4282,152,32,286,1944,75,629,2351,16,27,157,4360,2816,98,1515,5100
0.5553966476190474,65,2,1492,3481,194,19,1483,2609,4277,150,37,288,1917,72,656,2354,16,26,157,4361,2791,95,1540,5103
0.569109566666667,58,2,1499,3481,186,19,1491,2609,4275,148,39,290,1895,65,678,2361,15,24,158,4363,2762,92,1569,5106
0.5882930399999996,54,1,1503,3482,175,17,1502,2611,4272,147,42,291,1872,60,701,2366,13,18,160,4369,2741,88,1590,5110
0.6037741571428573,53,1,1504,3482,167,12,1510,2616,4272,145,42,293,1840,58,733,2368,12,16,161,4371,2716,83,1615,5115
0.6186625333333333,50,0,1507,3483,160,10,1517,2618,4269,143,45,295,1820,57,753,2369,11,15,162,4372,2680,77,1651,5121
0.6331587666666675,46,0,1511,3483,150,8,1527,2620,4266,142,48,296,1794,54,779,2372,10,14,163,4373,2650,75,1681,5123
0.6469107666666657,45,0,1512,3483,144,7,1533,2621,4264,141,50,297,1755,50,818,2376,9,13,164,4374,2625,73,1706,5125
0.6610819847619048,45,0,1512,3483,136,6,1541,2622,4262,138,52,300,1717,49,856,2377,9,12,164,4375,2599,70,1732,5128
0.6767428533333333,39,0,1518,3483,133,4,1544,2624,4260,133,54,305,1689,45,884,2381,7,11,166,4376,2573,66,1758,5132
0.6916917657142865,35,0,1522,3483,129,3,1548,2625,4258,127,56,311,1659,38,914,2388,5,10,168,4377,2551,62,1780,5136
0.7062848999999997,33,0,1524,3483,127,2,1550,2626,4254,125,60,313,1621,37,952,2389,4,9,169,4378,2520,62,1811,5136
0.7217626000000003,31,0,1526,3483,120,2,1557,2626,4247,121,67,317,1593,29,980,2397,3,8,170,4379,2498,59,1833,5139
0.736705857142857,28,0,1529,3483,113,1,1564,2627,4245,117,69,321,1558,28,1015,2398,3,7,170,4380,2472,56,1859,5142
0.7528168600000013,25,0,1532,3483,110,1,1567,2627,4235,115,79,323,1523,25,1050,2401,3,7,170,4380,2446,55,1885,5143
0.766022678095238,23,0,1534,3483,103,1,1574,2627,4230,113,84,325,1492,23,1081,2403,3,7,170,4380,2413,54,1918,5144
0.778171542857143,22,0,1535,3483,96,1,1581,2627,4222,112,92,326,1454,21,1119,2405,3,6,170,4381,2391,51,1940,5147
0.7927716666666668,21,0,1536,3483,88,1,1589,2627,4220,112,94,326,1419,18,1154,2408,3,2,170,4385,2365,48,1966,5150
0.8043092000000003,17,0,1540,3483,81,1,1596,2627,4218,111,96,327,1380,14,1193,2412,3,2,170,4385,2342,45,1989,5153
0.8160264400000001,16,0,1541,3483,79,1,1598,2627,4211,110,103,328,1344,13,1229,2413,2,2,171,4385,2308,45,2023,5153
0.8260200000000001,13,0,1544,3483,77,1,1600,2627,4201,108,113,330,1313,13,1260,2413,2,2,171,4385,2274,44,2057,5154
0.8357369733333333,13,0,1544,3483,71,0,1606,2628,4194,103,120,335,1278,11,1295,2415,1,2,172,4385,2251,41,2080,5157
0.8466521666666665,12,0,1545,3483,67,0,1610,2628,4187,97,127,341,1243,10,1330,2416,1,2,172,4385,2224,39,2107,5159
0.8589514333333333,9,0,1548,3483,64,0,1613,2628,4180,94,134,344,1206,10,1367,2416,1,2,172,4385,2195,38,2136,5160
0.8700953200000001,6,0,1551,3483,58,0,1619,2628,4175,93,139,345,1162,10,1411,2416,1,2,172,4385,2171,38,2160,5160
0.8807157933333334,5,0,1552,3483,51,0,1626,2628,4167,91,147,347,1122,10,1451,2416,1,2,172,4385,2148,36,2183,5162
0.8903283733333333,4,0,1553,3483,48,0,1629,2628,4161,88,153,350,1081,8,1492,2418,1,2,172,4385,2122,35,2209,5163
0.8987417333333341,4,0,1553,3483,44,0,1633,2628,4157,87,157,351,1047,8,1526,2418,1,2,172,4385,2082,35,2249,5163
0.9057557799999995,4,0,1553,3483,42,0,1635,2628,4145,83,169,355,1006,7,1567,2419,1,2,172,4385,2059,35,2272,5163
0.91305762,4,0,1553,3483,40,0,1637,2628,4129,81,185,357,971,6,1602,2420,1,2,172,4385,2033,34,2298,5164
0.9187573999999998,3,0,1554,3483,36,0,1641,2628,4120,80,194,358,936,5,1637,2421,1,2,172,4385,2001,34,2330,5164
0.9249837657142861,3,0,1554,3483,32,0,1645,2628,4112,79,202,359,897,5,1676,2421,1,2,172,4385,1970,34,2361,5164
0.9311506285714285,3,0,1554,3483,31,0,1646,2628,4099,77,215,361,861,5,1712,2421,0,2,173,4385,1941,33,2390,5165
0.9354710228571429,3,0,1554,3483,27,0,1650,2628,4091,75,223,363,820,4,1753,2422,0,1,173,4386,1915,33,2416,5165
0.94047872,2,0,1555,3483,25,0,1652,2628,4081,73,233,365,774,4,1799,2422,0,1,173,4386,1893,33,2438,5165
0.9454288552380953,2,0,1555,3483,18,0,1659,2628,4070,70,244,368,737,3,1836,2423,0,1,173,4386,1869,33,2462,5165
0.9492758333333334,2,0,1555,3483,18,0,1659,2628,4051,67,263,371,703,3,1870,2423,0,1,173,4386,1842,33,2489,5165
0.9529723000000001,2,0,1555,3483,14,0,1663,2628,4033,66,281,372,672,2,1901,2424,0,1,173,4386,1816,31,2515,5167
0.9561996266666666,2,0,1555,3483,14,0,1663,2628,4019,65,295,373,630,2,1943,2424,0,1,173,4386,1790,31,2541,5167
0.959979782857143,1,0,1556,3483,11,0,1666,2628,4001,64,313,374,595,2,1978,2424,0,1,173,4386,1765,31,2566,5167
0.9635393133333332,1,0,1556,3483,11,0,1666,2628,3986,60,328,378,560,1,2013,2425,0,1,173,4386,1737,31,2594,5167
0.9658965533333334,1,0,1556,3483,10,0,1667,2628,3969,60,345,378,523,1,2050,2425,0,1,173,4386,1709,31,2622,5167
0.9686452857142857,1,0,1556,3483,8,0,1669,2628,3947,60,367,378,493,1,2080,2425,0,1,173,4386,1682,30,2649,5168
0.9711291295238097,1,0,1556,3483,7,0,1670,2628,3925,60,389,378,460,1,2113,2425,0,1,173,4386,1655,30,2676,5168
0.973562558095238,1,0,1556,3483,7,0,1670,2628,3899,57,415,381,429,1,2144,2425,0,1,173,4386,1632,30,2699,5168
0.9761532323809524,1,0,1556,3483,7,0,1670,2628,3872,55,442,383,401,1,2172,2425,0,1,173,4386,1607,29,2724,5169
0.9781635066666667,1,0,1556,3483,6,0,1671,2628,3850,55,464,383,369,1,2204,2425,0,1,173,4386,1580,28,2751,5170
0.9797158,1,0,1556,3483,6,0,1671,2628,3820,53,494,385,342,1,2231,2425,0,1,173,4386,1556,28,2775,5170
0.9813886742857143,1,0,1556,3483,5,0,1672,2628,3790,51,524,387,321,1,2252,2425,0,0,173,4387,1528,28,2803,5170
0.9827477666666666,1,0,1556,3483,4,0,1673,2628,3759,50,555,388,292,1,2281,2425,0,0,173,4387,1508,27,2823,5171
0.98435798,1,0,1556,3483,4,0,1673,2628,3736,46,578,392,258,0,2315,2426,0,0,173,4387,1487,27,2844,5171
0.98584234,1,0,1556,3483,4,0,1673,2628,3709,45,605,393,236,0,2337,2426,0,0,173,4387,1455,26,2876,5172
0.9869307571428572,1,0,1556,3483,4,0,1673,2628,3678,44,636,394,211,0,2362,2426,0,0,173,4387,1429,26,2902,5172
0.98819592,1,0,1556,3483,4,0,1673,2628,3643,42,671,396,189,0,2384,2426,0,0,173,4387,1405,26,2926,5172
0.9893943199999999,1,0,1556,3483,2,0,1675,2628,3606,41,708,397,177,0,2396,2426,0,0,173,4387,1374,26,2957,5172
0.9903652457142856,1,0,1556,3483,1,0,1676,2628,3568,39,746,399,160,0,2413,2426,0,0,173,4387,1352,23,2979,5175
0.9913129933333333,1,0,1556,3483,1,0,1676,2628,3528,38,786,400,145,0,2428,2426,0,0,173,4387,1325,23,3006,5175
0.9923872714285714,1,0,1556,3483,1,0,1676,2628,3497,35,817,403,120,0,2453,2426,0,0,173,4387,1301,23,3030,5175
0.9931136399999999,1,0,1556,3483,1,0,1676,2628,3459,34,855,404,102,0,2471,2426,0,0,173,4387,1275,23,3056,5175
0.9938480399999999,1,0,1556,3483,1,0,1676,2628,3418,33,896,405,91,0,2482,2426,0,0,173,4387,1247,21,3084,5177
0.9945061542857143,1,0,1556,3483,1,0,1676,2628,3375,31,939,407,80,0,2493,2426,0,0,173,4387,1221,20,3110,5178
0.9950878971428572,1,0,1556,3483,1,0,1676,2628,3331,28,983,410,70,0,2503,2426,0,0,173,4387,1195,20,3136,5178
0.9956494285714286,0,0,1557,3483,1,0,1676,2628,3282,27,1032,411,57,0,2516,2426,0,0,173,4387,1177,19,3154,5179
0.9961790266666666,0,0,1557,3483,1,0,1676,2628,3223,26,1091,412,48,0,2525,2426,0,0,173,4387,1164,18,3167,5180
0.9966017266666667,0,0,1557,3483,0,0,1677,2628,3167,24,1147,414,39,0,2534,2426,0,0,173,4387,1149,18,3182,5180
0.99689564,0,0,1557,3483,0,0,1677,2628,3110,24,1204,414,31,0,2542,2426,0,0,173,4387,1131,18,3200,5180
0.9972610114285714,0,0,1557,3483,0,0,1677,2628,3049,24,1265,414,24,0,2549,2426,0,0,173,4387,1116,18,3215,5180
0.9975957142857144,0,0,1557,3483,0,0,1677,2628,2992,23,1322,415,21,0,2552,2426,0,0,173,4387,1096,17,3235,5181
0.9978390399999999,0,0,1557,3483,0,0,1677,2628,2927,23,1387,415,19,0,2554,2426,0,0,173,4387,1080,17,3251,5181
0.9980573066666666,0,0,1557,3483,0,0,1677,2628,2860,22,1454,416,17,0,2556,2426,0,0,173,4387,1068,16,3263,5182
0.99827184,0,0,1557,3483,0,0,1677,2628,2800,22,1514,416,11,0,2562,2426,0,0,173,4387,1051,16,3280,5182
0.9984651733333333,0,0,1557,3483,0,0,1677,2628,2736,21,1578,417,10,0,2563,2426,0,0,173,4387,1034,16,3297,5182
0.9986412666666667,0,0,1557,3483,0,0,1677,2628,2668,21,1646,417,9,0,2564,2426,0,0,173,4387,1022,14,3309,5184
0.9987914066666667,0,0,1557,3483,0,0,1677,2628,2608,21,1706,417,9,0,2564,2426,0,0,173,4387,999,14,3332,5184
0.99894788,0,0,1557,3483,0,0,1677,2628,2535,20,1779,418,7,0,2566,2426,0,0,173,4387,992,14,3339,5184
0.9990742866666666,0,0,1557,3483,0,0,1677,2628,2479,18,1835,420,6,0,2567,2426,0,0,173,4387,969,13,3362,5185
0.9991883161904761,0,0,1557,3483,0,0,1677,2628,2414,18,1900,420,5,0,2568,2426,0,0,173,4387,954,11,3377,5187
0.9992764666666667,0,0,1557,3483,0,0,1677,2628,2348,17,1966,421,5,0,2568,2426,0,0,173,4387,938,11,3393,5187
0.9993654266666667,0,0,1557,3483,0,0,1677,2628,2283,17,2031,421,4,0,2569,2426,0,0,173,4387,921,11,3410,5187
0.9994356209523809,0,0,1557,3483,0,0,1677,2628,2223,14,2091,424,3,0,2570,2426,0,0,173,4387,902,11,3429,5187
0.9995026533333334,0,0,1557,3483,0,0,1677,2628,2165,13,2149,425,2,0,2571,2426,0,0,173,4387,879,11,3452,5187
0.9995631066666667,0,0,1557,3483,0,0,1677,2628,2100,13,2214,425,1,0,2572,2426,0,0,173,4387,862,11,3469,5187
0.9996232333333334,0,0,1557,3483,0,0,1677,2628,2037,11,2277,427,1,0,2572,2426,0,0,173,4387,845,10,3486,5188
0.9996662095238095,0,0,1557,3483,0,0,1677,2628,1979,10,2335,428,1,0,2572,2426,0,0,173,4387,822,9,3509,5189
0.999703,0,0,1557,3483,0,0,1677,2628,1920,9,2394,429,1,0,2572,2426,0,0,173,4387,800,8,3531,5190
0.9997337133333334,0,0,1557,3483,0,0,1677,2628,1865,9,2449,429,1,0,2572,2426,0,0,173,4387,773,7,3558,5191
0.9997669314285714,0,0,1557,3483,0,0,1677,2628,1801,9,2513,429,1,0,2572,2426,0,0,173,4387,754,7,3577,5191
0.9997963523809523,0,0,1557,3483,0,0,1677,2628,1749,6,2565,432,1,0,2572,2426,0,0,173,4387,726,7,3605,5191
0.9998210466666666,0,0,1557,3483,0,0,1677,2628,1685,5,2629,433,1,0,2572,2426,0,0,173,4387,708,7,3623,5191
0.9998401666666666,0,0,1557,3483,0,0,1677,2628,1625,5,2689,433,1,0,2572,2426,0,0,173,4387,686,7,3645,5191
0.9998619999999999,0,0,1557,3483,0,0,1677,2628,1567,5,2747,433,1,0,2572,2426,0,0,173,4387,662,6,3669,5192
0.99988,0,0,1557,3483,0,0,1677,2628,1506,4,2808,434,1,0,2572,2426,0,0,173,4387,641,6,3690,5192
0.999898,0,0,1557,3483,0,0,1677,2628,1447,4,2867,434,1,0,2572,2426,0,0,173,4387,618,5,3713,5193
0.999909280952381,0,0,1557,3483,0,0,1677,2628,1387,4,2927,434,1,0,2572,2426,0,0,173,4387,595,5,3736,5193
0.9999213066666667,0,0,1557,3483,0,0,1677,2628,1325,4,2989,434,1,0,2572,2426,0,0,173,4387,575,4,3756,5194
0.9999314800000001,0,0,1557,3483,0,0,1677,2628,1279,3,3035,435,1,0,2572,2426,0,0,173,4387,539,4,3792,5194
0.9999402857142857,0,0,1557,3483,0,0,1677,2628,1226,3,3088,435,1,0,2572,2426,0,0,173,4387,511,2,3820,5196
0.9999461142857142,0,0,1557,3483,0,0,1677,2628,1167,3,3147,435,1,0,2572,2426,0,0,173,4387,488,1,3843,5197
0.9999531266666667,0,0,1557,3483,0,0,1677,2628,1113,3,3201,435,1,0,2572,2426,0,0,173,4387,459,1,3872,5197
0.9999603333333333,0,0,1557,3483,0,0,1677,2628,1057,3,3257,435,1,0,2572,2426,0,0,173,4387,432,1,3899,5197
0.9999669466666666,0,0,1557,3483,0,0,1677,2628,1004,3,3310,435,0,0,2573,2426,0,0,173,4387,403,1,3928,5197
0.9999728333333332,0,0,1557,3483,0,0,1677,2628,954,3,3360,435,0,0,2573,2426,0,0,173,4387,371,1,3960,5197
0.9999769999999999,0,0,1557,3483,0,0,1677,2628,902,3,3412,435,0,0,2573,2426,0,0,173,4387,340,1,3991,5197
0.9999806666666667,0,0,1557,3483,0,0,1677,2628,844,3,3470,435,0,0,2573,2426,0,0,173,4387,315,1,4016,5197
0.9999834999999999,0,0,1557,3483,0,0,1677,2628,787,3,3527,435,0,0,2573,2426,0,0,173,4387,290,1,4041,5197
0.9999861666666666,0,0,1557,3483,0,0,1677,2628,722,3,3592,435,0,0,2573,2426,0,0,173,4387,272,0,4059,5198
0.9999887142857142,0,0,1557,3483,0,0,1677,2628,661,3,3653,435,0,0,2573,2426,0,0,173,4387,252,0,4079,5198
0.9999909142857143,0,0,1557,3483,0,0,1677,2628,607,3,3707,435,0,0,2573,2426,0,0,173,4387,220,0,4111,5198
0.9999928333333333,0,0,1557,3483,0,0,1677,2628,550,2,3764,436,0,0,2573,2426,0,0,173,4387,197,0,4134,5198
0.9999941666666666,0,0,1557,3483,0,0,1677,2628,492,1,3822,437,0,0,2573,2426,0,0,173,4387,178,0,4153,5198
0.9999954999999999,0,0,1557,3483,0,0,1677,2628,426,1,3888,437,0,0,2573,2426,0,0,173,4387,155,0,4176,5198
0.9999965,0,0,1557,3483,0,0,1677,2628,380,1,3934,437,0,0,2573,2426,0,0,173,4387,127,0,4204,5198
0.9999975,0,0,1557,3483,0,0,1677,2628,309,1,4005,437,0,0,2573,2426,0,0,173,4387,107,0,4224,5198
0.9999981666666667,0,0,1557,3483,0,0,1677,2628,255,1,4059,437,0,0,2573,2426,0,0,173,4387,81,0,4250,5198
0.9999988333333333,0,0,1557,3483,0,0,1677,2628,204,0,4110,438,0,0,2573,2426,0,0,173,4387,55,0,4276,5198
0.9999994999999999,0,0,1557,3483,0,0,1677,2628,138,0,4176,438,0,0,2573,2426,0,0,173,4387,33,0,4298,5198
0.9999998333333333,0,0,1557,3483,0,0,1677,2628,89,0,4225,438,0,0,2573,2426,0,0,173,4387,22,0,4309,5198
1.0,0,0,1557,3483,0,0,1677,2628,53,0,4261,438,0,0,2573,2426,0,0,173,4387,11,0,4320,5198
1.000001,0,0,1557,3483,0,0,1677,2628,0,0,4314,438,0,0,2573,2426,0,0,173,4387,0,0,4331,5198
