lo,hi,n_nonspeech,n_speech
0.0,0.025,11149,916
0.025,0.05,2452,606
0.05,0.07500000000000001,1166,448
0.07500000000000001,0.1,699,362
0.1,0.125,543,343
0.125,0.15000000000000002,430,277
0.15000000000000002,0.17500000000000002,316,261
0.17500000000000002,0.2,285,226
0.2,0.225,196,209
0.225,0.25,178,181
0.25,0.275,125,165
0.275,0.30000000000000004,109,139
0.30000000000000004,0.325,101,142
0.325,0.35000000000000003,88,143
0.35000000000000003,0.375,55,122
0.375,0.4,67,124
0.4,0.42500000000000004,50,108
0.42500000000000004,0.45,56,118
0.45,0.47500000000000003,37,108
0.47500000000000003,0.5,34,114
0.5,0.525,37,109
0.525,0.55,20,116
0.55,0.5750000000000001,24,110
0.5750000000000001,0.6000000000000001,26,101
0.6000000000000001,0.625,23,111
0.625,0.65,12,139
0.65,0.675,18,116
0.675,0.7000000000000001,25,118
0.7000000000000001,0.7250000000000001,20,117
0.7250000000000001,0.75,16,121
0.75,0.775,11,152
0.775,0.8,15,129
0.8,0.8250000000000001,9,185
0.8250000000000001,0.8500000000000001,21,177
0.8500000000000001,0.875,5,169
0.875,0.9,10,224
0.9,0.925,12,304
0.925,0.9500000000000001,17,405
0.9500000000000001,0.9750000000000001,16,688
0.9750000000000001,1.0,87,5922
