file,t,GT,pred
Music_D_uLM5i0Z4c,0.0,0,1
Music_D_uLM5i0Z4c,0.5,0,1
Music_D_uLM5i0Z4c,0.5,0,1
Music_D_uLM5i0Z4c,1.0,0,1
Music_D_uLM5i0Z4c,1.0,0,1
Music_D_uLM5i0Z4c,1.5,0,1
Music_D_uLM5i0Z4c,1.5,0,1
Music_D_uLM5i0Z4c,2.0,0,1
Music_D_uLM5i0Z4c,2.0,0,1
Music_D_uLM5i0Z4c,2.5,0,1
Music_D_uLM5i0Z4c,2.5,0,1
Music_D_uLM5i0Z4c,3.0,0,1
Music_D_uLM5i0Z4c,3.0,0,1
Music_D_uLM5i0Z4c,3.5,0,1
Music_D_uLM5i0Z4c,3.5,0,1
Music_D_uLM5i0Z4c,4.0,0,1
Music_D_uLM5i0Z4c,4.0,0,0
Music_D_uLM5i0Z4c,4.5,0,0
Music_D_uLM5i0Z4c,4.5,0,0
Music_D_uLM5i0Z4c,5.0,0,0
Music_D_uLM5i0Z4c,5.0,0,1
Music_D_uLM5i0Z4c,5.5,0,1
Music_D_uLM5i0Z4c,5.5,0,1
Music_D_uLM5i0Z4c,6.0,0,1
Music_D_uLM5i0Z4c,6.0,0,0
Music_D_uLM5i0Z4c,6.5,0,0
Music_D_uLM5i0Z4c,6.5,0,1
Music_D_uLM5i0Z4c,7.0,0,1
Music_D_uLM5i0Z4c,7.0,0,1
Music_D_uLM5i0Z4c,7.5,0,1
Music_D_uLM5i0Z4c,7.5,0,1
Music_D_uLM5i0Z4c,8.0,0,1
Music_D_uLM5i0Z4c,8.0,0,1
Music_D_uLM5i0Z4c,8.5,0,1
Music_D_uLM5i0Z4c,8.5,0,1
Music_D_uLM5i0Z4c,9.0,0,1
Music_D_uLM5i0Z4c,9.0,0,1
Music_D_uLM5i0Z4c,9.5,0,1
Music_D_uLM5i0Z4c,9.5,0,0
Music_D_uLM5i0Z4c,10.0,0,0
Music_D_uLM5i0Z4c,10.0,0,0
Music_D_uLM5i0Z4c,10.5,0,0
Music_D_uLM5i0Z4c,10.5,0,1
Music_D_uLM5i0Z4c,11.0,0,1
Music_D_uLM5i0Z4c,11.0,0,1
Music_D_uLM5i0Z4c,11.5,0,1
Music_D_uLM5i0Z4c,11.5,0,1
Music_D_uLM5i0Z4c,12.0,0,1
Music_D_uLM5i0Z4c,12.0,0,1
Music_D_uLM5i0Z4c,12.5,0,1
Music_D_uLM5i0Z4c,12.5,0,1
Music_D_uLM5i0Z4c,13.0,0,1
Music_D_uLM5i0Z4c,13.0,0,1
Music_D_uLM5i0Z4c,13.5,0,1
Music_D_uLM5i0Z4c,13.5,0,1
Music_D_uLM5i0Z4c,14.0,0,1
Music_D_uLM5i0Z4c,14.0,0,1
Music_D_uLM5i0Z4c,14.5,0,1
Music_D_uLM5i0Z4c,14.5,0,1
Music_D_uLM5i0Z4c,15.0,0,1
Music_D_uLM5i0Z4c,15.0,0,1
Music_D_uLM5i0Z4c,15.5,0,1
Music_D_uLM5i0Z4c,15.5,0,1
Music_D_uLM5i0Z4c,16.0,0,1
Music_D_uLM5i0Z4c,16.0,0,1
Music_D_uLM5i0Z4c,16.5,0,1
Music_D_uLM5i0Z4c,16.5,0,1
Music_D_uLM5i0Z4c,17.0,0,1
Music_D_uLM5i0Z4c,17.0,0,1
Music_D_uLM5i0Z4c,17.5,0,1
Music_D_uLM5i0Z4c,17.5,0,1
Music_D_uLM5i0Z4c,18.0,0,1
Music_D_uLM5i0Z4c,18.0,0,1
Music_D_uLM5i0Z4c,18.5,0,1
Music_D_uLM5i0Z4c,18.5,0,1
Music_D_uLM5i0Z4c,19.0,0,1
Music_D_uLM5i0Z4c,19.0,0,1
Music_D_uLM5i0Z4c,19.5,0,1
Music_D_uLM5i0Z4c,19.5,0,1
Music_D_uLM5i0Z4c,20.0,0,1
Music_D_uLM5i0Z4c,20.0,1,1
Music_D_uLM5i0Z4c,20.5,1,1
Music_D_uLM5i0Z4c,20.5,1,0
Music_D_uLM5i0Z4c,21.0,1,0
Music_D_uLM5i0Z4c,21.0,0,0
Music_D_uLM5i0Z4c,21.5,0,0
Music_D_uLM5i0Z4c,21.5,0,0
Music_D_uLM5i0Z4c,22.0,0,0
Music_D_uLM5i0Z4c,22.0,0,1
Music_D_uLM5i0Z4c,22.5,0,1
Music_D_uLM5i0Z4c,22.5,0,1
Music_D_uLM5i0Z4c,23.0,0,1
Music_D_uLM5i0Z4c,23.0,0,1
Music_D_uLM5i0Z4c,23.5,0,1
Music_D_uLM5i0Z4c,23.5,0,1
Music_D_uLM5i0Z4c,24.0,0,1
Music_D_uLM5i0Z4c,24.0,0,1
Music_D_uLM5i0Z4c,24.5,0,1
Music_D_uLM5i0Z4c,24.5,0,0
Music_D_uLM5i0Z4c,25.0,0,0
Music_D_uLM5i0Z4c,25.0,0,0
Music_D_uLM5i0Z4c,25.5,0,0
Music_D_uLM5i0Z4c,25.5,0,1
Music_D_uLM5i0Z4c,26.0,0,1
Music_D_uLM5i0Z4c,26.0,0,1
Music_D_uLM5i0Z4c,26.5,0,1
Music_D_uLM5i0Z4c,26.5,0,0
Music_D_uLM5i0Z4c,27.0,0,0
Music_D_uLM5i0Z4c,27.0,0,1
Music_D_uLM5i0Z4c,27.5,0,1
Music_D_uLM5i0Z4c,27.5,0,1
Music_D_uLM5i0Z4c,28.0,0,1
Music_D_uLM5i0Z4c,28.0,0,1
Music_D_uLM5i0Z4c,28.5,0,1
Music_D_uLM5i0Z4c,28.5,0,1
Music_D_uLM5i0Z4c,29.0,0,1
Music_D_uLM5i0Z4c,29.0,0,1
Music_D_uLM5i0Z4c,29.5,0,1
Music_D_uLM5i0Z4c,29.5,0,1
Music_D_uLM5i0Z4c,30.0,0,1
Music_D_uLM5i0Z4c,30.0,0,1
Music_D_uLM5i0Z4c,30.5,0,1
Music_D_uLM5i0Z4c,30.5,0,1
Music_D_uLM5i0Z4c,31.0,0,1
Music_D_uLM5i0Z4c,31.0,0,1
Music_D_uLM5i0Z4c,31.5,0,1
Music_D_uLM5i0Z4c,31.5,0,1
Music_D_uLM5i0Z4c,32.0,0,1
Music_D_uLM5i0Z4c,32.0,0,1
Music_D_uLM5i0Z4c,32.5,0,1
Music_D_uLM5i0Z4c,32.5,0,1
Music_D_uLM5i0Z4c,33.0,0,1
Music_D_uLM5i0Z4c,33.0,0,1
Music_D_uLM5i0Z4c,33.5,0,1
Music_D_uLM5i0Z4c,33.5,0,1
Music_D_uLM5i0Z4c,34.0,0,1
Music_D_uLM5i0Z4c,34.0,1,1
Music_D_uLM5i0Z4c,34.5,1,1
Music_D_uLM5i0Z4c,34.5,1,1
Music_D_uLM5i0Z4c,35.0,1,1
Music_D_uLM5i0Z4c,35.0,0,1
Music_D_uLM5i0Z4c,35.5,0,1
Music_D_uLM5i0Z4c,35.5,0,1
Music_D_uLM5i0Z4c,36.0,0,1
Music_D_uLM5i0Z4c,36.0,0,1
Music_D_uLM5i0Z4c,36.5,0,1
Music_D_uLM5i0Z4c,36.5,0,1
Music_D_uLM5i0Z4c,37.0,0,1
Music_D_uLM5i0Z4c,37.0,0,0
Music_D_uLM5i0Z4c,37.5,0,0
Music_D_uLM5i0Z4c,37.5,0,1
Music_D_uLM5i0Z4c,38.0,0,1
Music_D_uLM5i0Z4c,38.0,0,1
Music_D_uLM5i0Z4c,38.5,0,1
Music_D_uLM5i0Z4c,38.5,0,1
Music_D_uLM5i0Z4c,39.0,0,1
Music_D_uLM5i0Z4c,39.0,0,1
Music_D_uLM5i0Z4c,39.5,0,1
Music_D_uLM5i0Z4c,39.5,0,1
Music_D_uLM5i0Z4c,40.0,0,1
Music_D_uLM5i0Z4c,40.0,0,1
Music_D_uLM5i0Z4c,40.5,0,1
Music_D_uLM5i0Z4c,40.5,0,1
Music_D_uLM5i0Z4c,41.0,0,1
Music_D_uLM5i0Z4c,41.0,0,1
Music_D_uLM5i0Z4c,41.5,0,1
Music_D_uLM5i0Z4c,41.5,0,1
Music_D_uLM5i0Z4c,42.0,0,1
Music_D_uLM5i0Z4c,42.0,0,1
Music_D_uLM5i0Z4c,42.5,0,1
Music_D_uLM5i0Z4c,42.5,0,1
Music_D_uLM5i0Z4c,43.0,0,1
Music_D_uLM5i0Z4c,43.0,0,1
Music_D_uLM5i0Z4c,43.5,0,1
Music_D_uLM5i0Z4c,43.5,0,0
Music_D_uLM5i0Z4c,44.0,0,0
Music_D_uLM5i0Z4c,44.0,0,1
Music_D_uLM5i0Z4c,44.5,0,1
Music_D_uLM5i0Z4c,44.5,0,1
Music_D_uLM5i0Z4c,45.0,0,1
Music_D_uLM5i0Z4c,45.0,0,1
Music_D_uLM5i0Z4c,45.5,0,1
Music_D_uLM5i0Z4c,45.5,0,1
Music_D_uLM5i0Z4c,46.0,0,1
Music_D_uLM5i0Z4c,46.0,0,1
Music_D_uLM5i0Z4c,46.5,0,1
Music_D_uLM5i0Z4c,46.5,0,1
Music_D_uLM5i0Z4c,47.0,0,1
Music_D_uLM5i0Z4c,47.0,0,1
Music_D_uLM5i0Z4c,47.5,0,1
Music_D_uLM5i0Z4c,47.5,0,1
Music_D_uLM5i0Z4c,48.0,0,1
Music_D_uLM5i0Z4c,48.0,0,1
Music_D_uLM5i0Z4c,48.5,0,1
Music_D_uLM5i0Z4c,48.5,0,1
Music_D_uLM5i0Z4c,49.0,0,1
Music_D_uLM5i0Z4c,49.0,0,1
Music_D_uLM5i0Z4c,49.5,0,1
Music_D_uLM5i0Z4c,49.5,0,0
Music_D_uLM5i0Z4c,50.0,0,0
Music_D_uLM5i0Z4c,50.0,0,0
Music_D_uLM5i0Z4c,50.5,0,0
Music_D_uLM5i0Z4c,50.5,0,0
Music_D_uLM5i0Z4c,51.0,0,0
Music_D_uLM5i0Z4c,51.0,0,1
Music_D_uLM5i0Z4c,51.5,0,1
Music_D_uLM5i0Z4c,51.5,0,1
Music_D_uLM5i0Z4c,52.0,0,1
Music_D_uLM5i0Z4c,52.0,0,1
Music_D_uLM5i0Z4c,52.5,0,1
Music_D_uLM5i0Z4c,52.5,0,0
Music_D_uLM5i0Z4c,53.0,0,0
Music_D_uLM5i0Z4c,53.0,0,0
Music_D_uLM5i0Z4c,53.5,0,0
Music_D_uLM5i0Z4c,53.5,0,0
Music_D_uLM5i0Z4c,54.0,0,0
Music_D_uLM5i0Z4c,54.0,0,1
Music_D_uLM5i0Z4c,54.5,0,1
Music_D_uLM5i0Z4c,54.5,0,1
Music_D_uLM5i0Z4c,55.0,0,1
Music_D_uLM5i0Z4c,55.0,0,1
Music_D_uLM5i0Z4c,55.5,0,1
Music_D_uLM5i0Z4c,55.5,0,0
Music_D_uLM5i0Z4c,56.0,0,0
Music_D_uLM5i0Z4c,56.0,0,0
Music_D_uLM5i0Z4c,56.5,0,0
Music_D_uLM5i0Z4c,56.5,0,1
Music_D_uLM5i0Z4c,57.0,0,1
Music_D_uLM5i0Z4c,57.0,0,1
Music_D_uLM5i0Z4c,57.5,0,1
Music_D_uLM5i0Z4c,57.5,0,1
Music_D_uLM5i0Z4c,58.0,0,1
Music_D_uLM5i0Z4c,58.0,0,1
Music_D_uLM5i0Z4c,58.5,0,1
Music_D_uLM5i0Z4c,58.5,0,1
Music_D_uLM5i0Z4c,59.0,0,1
Music_D_uLM5i0Z4c,59.0,0,0
Music_D_uLM5i0Z4c,59.5,0,0
Music_D_uLM5i0Z4c,59.5,0,0
Music_D_uLM5i0Z4c,60.0,0,0
Music_D_uLM5i0Z4c,60.0,0,1
Music_D_uLM5i0Z4c,60.5,0,1
Music_D_uLM5i0Z4c,60.5,0,0
Music_D_uLM5i0Z4c,61.0,0,0
Music_D_uLM5i0Z4c,61.0,0,1
Music_D_uLM5i0Z4c,61.5,0,1
Music_D_uLM5i0Z4c,61.5,0,1
Music_D_uLM5i0Z4c,62.0,0,1
Music_D_uLM5i0Z4c,62.0,0,1
Music_D_uLM5i0Z4c,62.5,0,1
Music_D_uLM5i0Z4c,62.5,0,0
Music_D_uLM5i0Z4c,63.0,0,0
Music_D_uLM5i0Z4c,63.0,0,1
Music_D_uLM5i0Z4c,63.5,0,1
Music_D_uLM5i0Z4c,63.5,0,1
Music_D_uLM5i0Z4c,64.0,0,1
Music_D_uLM5i0Z4c,64.0,0,1
Music_D_uLM5i0Z4c,64.5,0,1
Music_D_uLM5i0Z4c,64.5,0,1
Music_D_uLM5i0Z4c,65.0,0,1
Music_D_uLM5i0Z4c,65.0,1,1
Music_D_uLM5i0Z4c,65.5,1,1
Music_D_uLM5i0Z4c,65.5,1,1
Music_D_uLM5i0Z4c,66.0,1,1
Music_D_uLM5i0Z4c,66.0,1,1
Music_D_uLM5i0Z4c,66.5,1,1
Music_D_uLM5i0Z4c,66.5,0,0
Music_D_uLM5i0Z4c,67.0,0,0
Music_D_uLM5i0Z4c,67.0,0,1
Music_D_uLM5i0Z4c,67.5,0,1
Music_D_uLM5i0Z4c,67.5,0,1
Music_D_uLM5i0Z4c,68.0,0,1
Music_D_uLM5i0Z4c,68.0,0,1
Music_D_uLM5i0Z4c,68.5,0,1
Music_D_uLM5i0Z4c,68.5,0,1
Music_D_uLM5i0Z4c,69.0,0,1
Music_D_uLM5i0Z4c,69.0,0,1
Music_D_uLM5i0Z4c,69.5,0,1
Music_D_uLM5i0Z4c,69.5,0,1
Music_D_uLM5i0Z4c,70.0,0,1
Music_D_uLM5i0Z4c,70.0,0,1
Music_D_uLM5i0Z4c,70.5,0,1
Music_D_uLM5i0Z4c,70.5,0,1
Music_D_uLM5i0Z4c,71.0,0,1
Music_D_uLM5i0Z4c,71.0,0,1
Music_D_uLM5i0Z4c,71.5,0,1
Music_D_uLM5i0Z4c,71.5,0,1
Music_D_uLM5i0Z4c,72.0,0,1
Music_D_uLM5i0Z4c,72.0,0,1
Music_D_uLM5i0Z4c,72.5,0,1
Music_D_uLM5i0Z4c,72.5,0,1
Music_D_uLM5i0Z4c,73.0,0,1
Music_D_uLM5i0Z4c,73.0,0,1
Music_D_uLM5i0Z4c,73.5,0,1
Music_D_uLM5i0Z4c,73.5,0,1
Music_D_uLM5i0Z4c,74.0,0,1
Music_D_uLM5i0Z4c,74.0,0,1
Music_D_uLM5i0Z4c,74.5,0,1
Music_D_uLM5i0Z4c,74.5,0,1
Music_D_uLM5i0Z4c,75.0,0,1
Music_D_uLM5i0Z4c,75.0,0,1
Music_D_uLM5i0Z4c,75.5,0,1
Music_D_uLM5i0Z4c,75.5,0,1
Music_D_uLM5i0Z4c,76.0,0,1
Music_D_uLM5i0Z4c,76.0,0,1
Music_D_uLM5i0Z4c,76.5,0,1
Music_D_uLM5i0Z4c,76.5,0,1
Music_D_uLM5i0Z4c,77.0,0,1
Music_D_uLM5i0Z4c,77.0,0,1
Music_D_uLM5i0Z4c,77.5,0,1
Music_D_uLM5i0Z4c,77.5,1,1
Music_D_uLM5i0Z4c,78.0,1,1
Music_D_uLM5i0Z4c,78.0,1,1
Music_D_uLM5i0Z4c,78.5,1,1
Music_D_uLM5i0Z4c,78.5,1,1
Music_D_uLM5i0Z4c,79.0,1,1
Music_D_uLM5i0Z4c,79.0,0,1
Music_D_uLM5i0Z4c,79.5,0,1
Music_D_uLM5i0Z4c,79.5,0,1
Music_D_uLM5i0Z4c,80.0,0,1
Music_D_uLM5i0Z4c,80.0,0,1
Music_D_uLM5i0Z4c,80.5,0,1
Music_D_uLM5i0Z4c,80.5,0,1
Music_D_uLM5i0Z4c,81.0,0,1
Music_D_uLM5i0Z4c,81.0,0,1
Music_D_uLM5i0Z4c,81.5,0,1
Music_D_uLM5i0Z4c,81.5,0,1
Music_D_uLM5i0Z4c,82.0,0,1
Music_D_uLM5i0Z4c,82.0,0,1
Music_D_uLM5i0Z4c,82.5,0,1
Music_D_uLM5i0Z4c,82.5,0,1
Music_D_uLM5i0Z4c,83.0,0,1
Music_D_uLM5i0Z4c,83.0,0,1
Music_D_uLM5i0Z4c,83.5,0,1
Music_D_uLM5i0Z4c,83.5,1,0
Music_D_uLM5i0Z4c,84.0,1,0
Music_D_uLM5i0Z4c,84.0,1,0
Music_D_uLM5i0Z4c,84.5,1,0
Music_D_uLM5i0Z4c,84.5,1,0
Music_D_uLM5i0Z4c,85.0,1,0
Music_D_uLM5i0Z4c,85.0,0,0
Music_D_uLM5i0Z4c,85.5,0,0
Music_D_uLM5i0Z4c,85.5,0,1
Music_D_uLM5i0Z4c,86.0,0,1
Music_D_uLM5i0Z4c,86.0,0,1
Music_D_uLM5i0Z4c,86.5,0,1
Music_D_uLM5i0Z4c,86.5,0,1
Music_D_uLM5i0Z4c,87.0,0,1
Music_D_uLM5i0Z4c,87.0,0,0
Music_D_uLM5i0Z4c,87.5,0,0
Music_D_uLM5i0Z4c,87.5,0,0
Music_D_uLM5i0Z4c,88.0,0,0
Music_D_uLM5i0Z4c,88.0,0,0
Music_D_uLM5i0Z4c,88.5,0,0
Music_D_uLM5i0Z4c,88.5,0,0
Music_D_uLM5i0Z4c,89.0,0,0
Music_D_uLM5i0Z4c,89.0,0,0
Music_D_uLM5i0Z4c,89.5,0,0
Music_D_uLM5i0Z4c,89.5,0,0
Music_D_uLM5i0Z4c,90.0,0,0
Music_D_uLM5i0Z4c,90.0,0,0
Music_D_uLM5i0Z4c,90.5,0,0
Music_D_uLM5i0Z4c,90.5,0,1
Music_D_uLM5i0Z4c,91.0,0,1
Music_D_uLM5i0Z4c,91.0,0,1
Music_D_uLM5i0Z4c,91.5,0,1
Music_D_uLM5i0Z4c,91.5,0,1
Music_D_uLM5i0Z4c,92.0,0,1
Music_D_uLM5i0Z4c,92.0,0,1
Music_D_uLM5i0Z4c,92.5,0,1
Music_D_uLM5i0Z4c,92.5,0,1
Music_D_uLM5i0Z4c,93.0,0,1
Music_D_uLM5i0Z4c,93.0,0,1
Music_D_uLM5i0Z4c,93.5,0,1
Music_D_uLM5i0Z4c,93.5,0,1
Music_D_uLM5i0Z4c,94.0,0,1
Music_D_uLM5i0Z4c,94.0,0,1
Music_D_uLM5i0Z4c,94.5,0,1
Music_D_uLM5i0Z4c,94.5,0,1
Music_D_uLM5i0Z4c,95.0,0,1
Music_D_uLM5i0Z4c,95.0,0,1
Music_D_uLM5i0Z4c,95.5,0,1
Music_D_uLM5i0Z4c,95.5,0,1
Music_D_uLM5i0Z4c,96.0,0,1
Music_D_uLM5i0Z4c,96.0,0,1
Music_D_uLM5i0Z4c,96.5,0,1
Music_D_uLM5i0Z4c,96.5,0,1
Music_D_uLM5i0Z4c,97.0,0,1
Music_D_uLM5i0Z4c,97.0,0,1
Music_D_uLM5i0Z4c,97.5,0,1
Music_D_uLM5i0Z4c,97.5,0,1
Music_D_uLM5i0Z4c,98.0,0,1
Music_D_uLM5i0Z4c,98.0,0,1
Music_D_uLM5i0Z4c,98.5,0,1
Music_D_uLM5i0Z4c,98.5,0,1
Music_D_uLM5i0Z4c,99.0,0,1
Music_D_uLM5i0Z4c,99.0,0,0
Music_D_uLM5i0Z4c,99.5,0,0
Music_D_uLM5i0Z4c,99.5,0,1
Music_D_uLM5i0Z4c,100.0,0,1
Music_D_uLM5i0Z4c,100.0,0,1
Music_D_uLM5i0Z4c,100.5,0,1
Music_D_uLM5i0Z4c,100.5,0,1
Music_D_uLM5i0Z4c,101.0,0,1
Music_D_uLM5i0Z4c,101.0,0,1
Music_D_uLM5i0Z4c,101.5,0,1
Music_D_uLM5i0Z4c,101.5,0,1
Music_D_uLM5i0Z4c,102.0,0,1
Music_D_uLM5i0Z4c,102.0,0,1
Music_D_uLM5i0Z4c,102.5,0,1
Music_D_uLM5i0Z4c,102.5,0,1
Music_D_uLM5i0Z4c,103.0,0,1
Music_D_uLM5i0Z4c,103.0,0,1
Music_D_uLM5i0Z4c,103.5,0,1
Music_D_uLM5i0Z4c,103.5,0,1
Music_D_uLM5i0Z4c,104.0,0,1
Music_D_uLM5i0Z4c,104.0,0,1
Music_D_uLM5i0Z4c,104.5,0,1
Music_D_uLM5i0Z4c,104.5,0,1
Music_D_uLM5i0Z4c,105.0,0,1
Music_D_uLM5i0Z4c,105.0,0,1
Music_D_uLM5i0Z4c,105.5,0,1
Music_D_uLM5i0Z4c,105.5,0,1
Music_D_uLM5i0Z4c,106.0,0,1
Music_D_uLM5i0Z4c,106.0,0,1
Music_D_uLM5i0Z4c,106.5,0,1
Music_D_uLM5i0Z4c,106.5,0,1
Music_D_uLM5i0Z4c,107.0,0,1
Music_D_uLM5i0Z4c,107.0,0,1
Music_D_uLM5i0Z4c,107.5,0,1
Music_D_uLM5i0Z4c,107.5,0,1
Music_D_uLM5i0Z4c,108.0,0,1
Music_D_uLM5i0Z4c,108.0,0,0
Music_D_uLM5i0Z4c,108.5,0,0
Music_D_uLM5i0Z4c,108.5,1,0
Music_D_uLM5i0Z4c,109.0,1,0
Music_D_uLM5i0Z4c,109.0,0,1
Music_D_uLM5i0Z4c,109.5,0,1
Music_D_uLM5i0Z4c,109.5,0,1
Music_D_uLM5i0Z4c,110.0,0,1
Music_D_uLM5i0Z4c,110.0,0,1
Music_D_uLM5i0Z4c,110.5,0,1
Music_D_uLM5i0Z4c,110.5,0,1
Music_D_uLM5i0Z4c,111.0,0,1
Music_D_uLM5i0Z4c,111.0,0,1
Music_D_uLM5i0Z4c,111.5,0,1
Music_D_uLM5i0Z4c,111.5,0,1
Music_D_uLM5i0Z4c,112.0,0,1
Music_D_uLM5i0Z4c,112.0,0,0
Music_D_uLM5i0Z4c,112.5,0,0
Music_D_uLM5i0Z4c,112.5,0,1
Music_D_uLM5i0Z4c,113.0,0,1
Music_D_uLM5i0Z4c,113.0,0,1
Music_D_uLM5i0Z4c,113.5,0,1
Music_D_uLM5i0Z4c,113.5,0,1
Music_D_uLM5i0Z4c,114.0,0,1
Music_D_uLM5i0Z4c,114.0,0,1
Music_D_uLM5i0Z4c,114.5,0,1
Music_D_uLM5i0Z4c,114.5,0,1
Music_D_uLM5i0Z4c,115.0,0,1
Music_D_uLM5i0Z4c,115.0,0,1
Music_D_uLM5i0Z4c,115.5,0,1
Music_D_uLM5i0Z4c,115.5,0,1
Music_D_uLM5i0Z4c,116.0,0,1
Music_D_uLM5i0Z4c,116.0,0,0
Music_D_uLM5i0Z4c,116.5,0,0
Music_D_uLM5i0Z4c,116.5,0,0
Music_D_uLM5i0Z4c,117.0,0,0
Music_D_uLM5i0Z4c,117.0,0,0
Music_D_uLM5i0Z4c,117.5,0,0
Music_D_uLM5i0Z4c,117.5,0,0
Music_D_uLM5i0Z4c,118.0,0,0
Music_D_uLM5i0Z4c,118.0,0,0
Music_D_uLM5i0Z4c,118.5,0,0
Music_D_uLM5i0Z4c,118.5,0,0
Music_D_uLM5i0Z4c,119.0,0,0
Music_D_uLM5i0Z4c,119.0,0,1
Music_D_uLM5i0Z4c,119.5,0,1
Music_D_uLM5i0Z4c,119.5,0,1
Music_D_uLM5i0Z4c,120.0,0,1
Asm_3OfnqBTIGs4,0.0,0,0
Asm_3OfnqBTIGs4,0.5,0,0
Asm_3OfnqBTIGs4,0.5,0,0
Asm_3OfnqBTIGs4,1.0,0,0
Asm_3OfnqBTIGs4,1.0,0,0
Asm_3OfnqBTIGs4,1.5,0,0
Asm_3OfnqBTIGs4,1.5,0,0
Asm_3OfnqBTIGs4,2.0,0,0
Asm_3OfnqBTIGs4,2.0,0,0
Asm_3OfnqBTIGs4,2.5,0,0
Asm_3OfnqBTIGs4,2.5,0,0
Asm_3OfnqBTIGs4,3.0,0,0
Asm_3OfnqBTIGs4,3.0,0,0
Asm_3OfnqBTIGs4,3.5,0,0
Asm_3OfnqBTIGs4,3.5,0,0
Asm_3OfnqBTIGs4,4.0,0,0
Asm_3OfnqBTIGs4,4.0,0,0
Asm_3OfnqBTIGs4,4.5,0,0
Asm_3OfnqBTIGs4,4.5,0,0
Asm_3OfnqBTIGs4,5.0,0,0
Asm_3OfnqBTIGs4,5.0,0,0
Asm_3OfnqBTIGs4,5.5,0,0
Asm_3OfnqBTIGs4,5.5,0,0
Asm_3OfnqBTIGs4,6.0,0,0
Asm_3OfnqBTIGs4,6.0,0,0
Asm_3OfnqBTIGs4,6.5,0,0
Asm_3OfnqBTIGs4,6.5,0,0
Asm_3OfnqBTIGs4,7.0,0,0
Asm_3OfnqBTIGs4,7.0,0,0
Asm_3OfnqBTIGs4,7.5,0,0
Asm_3OfnqBTIGs4,7.5,0,0
Asm_3OfnqBTIGs4,8.0,0,0
Asm_3OfnqBTIGs4,8.0,0,0
Asm_3OfnqBTIGs4,8.5,0,0
Asm_3OfnqBTIGs4,8.5,0,0
Asm_3OfnqBTIGs4,9.0,0,0
Asm_3OfnqBTIGs4,9.0,0,0
Asm_3OfnqBTIGs4,9.5,0,0
Asm_3OfnqBTIGs4,9.5,0,0
Asm_3OfnqBTIGs4,10.0,0,0
Asm_3OfnqBTIGs4,10.0,0,0
Asm_3OfnqBTIGs4,10.5,0,0
Asm_3OfnqBTIGs4,10.5,0,0
Asm_3OfnqBTIGs4,11.0,0,0
Asm_3OfnqBTIGs4,11.0,0,0
Asm_3OfnqBTIGs4,11.5,0,0
Asm_3OfnqBTIGs4,11.5,0,0
Asm_3OfnqBTIGs4,12.0,0,0
Asm_3OfnqBTIGs4,12.0,0,0
Asm_3OfnqBTIGs4,12.5,0,0
Asm_3OfnqBTIGs4,12.5,0,0
Asm_3OfnqBTIGs4,13.0,0,0
Asm_3OfnqBTIGs4,13.0,0,0
Asm_3OfnqBTIGs4,13.5,0,0
Asm_3OfnqBTIGs4,13.5,0,0
Asm_3OfnqBTIGs4,14.0,0,0
Asm_3OfnqBTIGs4,14.0,0,0
Asm_3OfnqBTIGs4,14.5,0,0
Asm_3OfnqBTIGs4,14.5,0,0
Asm_3OfnqBTIGs4,15.0,0,0
Asm_3OfnqBTIGs4,15.0,1,0
Asm_3OfnqBTIGs4,15.5,1,0
Asm_3OfnqBTIGs4,15.5,0,0
Asm_3OfnqBTIGs4,16.0,0,0
Asm_3OfnqBTIGs4,16.0,1,0
Asm_3OfnqBTIGs4,16.5,1,0
Asm_3OfnqBTIGs4,16.5,1,0
Asm_3OfnqBTIGs4,17.0,1,0
Asm_3OfnqBTIGs4,17.0,1,0
Asm_3OfnqBTIGs4,17.5,1,0
Asm_3OfnqBTIGs4,17.5,1,0
Asm_3OfnqBTIGs4,18.0,1,0
Asm_3OfnqBTIGs4,18.0,0,0
Asm_3OfnqBTIGs4,18.5,0,0
Asm_3OfnqBTIGs4,18.5,0,0
Asm_3OfnqBTIGs4,19.0,0,0
Asm_3OfnqBTIGs4,19.0,1,0
Asm_3OfnqBTIGs4,19.5,1,0
Asm_3OfnqBTIGs4,19.5,1,0
Asm_3OfnqBTIGs4,20.0,1,0
Asm_3OfnqBTIGs4,20.0,1,0
Asm_3OfnqBTIGs4,20.5,1,0
Asm_3OfnqBTIGs4,20.5,1,0
Asm_3OfnqBTIGs4,21.0,1,0
Asm_3OfnqBTIGs4,21.0,1,0
Asm_3OfnqBTIGs4,21.5,1,0
Asm_3OfnqBTIGs4,21.5,1,0
Asm_3OfnqBTIGs4,22.0,1,0
Asm_3OfnqBTIGs4,22.0,1,0
Asm_3OfnqBTIGs4,22.5,1,0
Asm_3OfnqBTIGs4,22.5,1,0
Asm_3OfnqBTIGs4,23.0,1,0
Asm_3OfnqBTIGs4,23.0,0,0
Asm_3OfnqBTIGs4,23.5,0,0
Asm_3OfnqBTIGs4,23.5,0,0
Asm_3OfnqBTIGs4,24.0,0,0
Asm_3OfnqBTIGs4,24.0,0,0
Asm_3OfnqBTIGs4,24.5,0,0
Asm_3OfnqBTIGs4,24.5,1,0
Asm_3OfnqBTIGs4,25.0,1,0
Asm_3OfnqBTIGs4,25.0,1,0
Asm_3OfnqBTIGs4,25.5,1,0
Asm_3OfnqBTIGs4,25.5,1,0
Asm_3OfnqBTIGs4,26.0,1,0
Asm_3OfnqBTIGs4,26.0,1,0
Asm_3OfnqBTIGs4,26.5,1,0
Asm_3OfnqBTIGs4,26.5,0,1
Asm_3OfnqBTIGs4,27.0,0,1
Asm_3OfnqBTIGs4,27.0,0,1
Asm_3OfnqBTIGs4,27.5,0,1
Asm_3OfnqBTIGs4,27.5,1,1
Asm_3OfnqBTIGs4,28.0,1,1
Asm_3OfnqBTIGs4,28.0,1,1
Asm_3OfnqBTIGs4,28.5,1,1
Asm_3OfnqBTIGs4,28.5,1,0
Asm_3OfnqBTIGs4,29.0,1,0
Asm_3OfnqBTIGs4,29.0,0,0
Asm_3OfnqBTIGs4,29.5,0,0
Asm_3OfnqBTIGs4,29.5,0,1
Asm_3OfnqBTIGs4,30.0,0,1
Asm_3OfnqBTIGs4,30.0,1,1
Asm_3OfnqBTIGs4,30.5,1,1
Asm_3OfnqBTIGs4,30.5,1,1
Asm_3OfnqBTIGs4,31.0,1,1
Asm_3OfnqBTIGs4,31.0,1,1
Asm_3OfnqBTIGs4,31.5,1,1
Asm_3OfnqBTIGs4,31.5,1,1
Asm_3OfnqBTIGs4,32.0,1,1
Asm_3OfnqBTIGs4,32.0,0,1
Asm_3OfnqBTIGs4,32.5,0,1
Asm_3OfnqBTIGs4,32.5,1,1
Asm_3OfnqBTIGs4,33.0,1,1
Asm_3OfnqBTIGs4,33.0,1,1
Asm_3OfnqBTIGs4,33.5,1,1
Asm_3OfnqBTIGs4,33.5,1,1
Asm_3OfnqBTIGs4,34.0,1,1
Asm_3OfnqBTIGs4,34.0,1,1
Asm_3OfnqBTIGs4,34.5,1,1
Asm_3OfnqBTIGs4,34.5,1,1
Asm_3OfnqBTIGs4,35.0,1,1
Asm_3OfnqBTIGs4,35.0,1,1
Asm_3OfnqBTIGs4,35.5,1,1
Asm_3OfnqBTIGs4,35.5,1,1
Asm_3OfnqBTIGs4,36.0,1,1
Asm_3OfnqBTIGs4,36.0,1,1
Asm_3OfnqBTIGs4,36.5,1,1
Asm_3OfnqBTIGs4,36.5,0,1
Asm_3OfnqBTIGs4,37.0,0,1
Asm_3OfnqBTIGs4,37.0,0,1
Asm_3OfnqBTIGs4,37.5,0,1
Asm_3OfnqBTIGs4,37.5,1,1
Asm_3OfnqBTIGs4,38.0,1,1
Asm_3OfnqBTIGs4,38.0,1,1
Asm_3OfnqBTIGs4,38.5,1,1
Asm_3OfnqBTIGs4,38.5,0,1
Asm_3OfnqBTIGs4,39.0,0,1
Asm_3OfnqBTIGs4,39.0,0,0
Asm_3OfnqBTIGs4,39.5,0,0
Asm_3OfnqBTIGs4,39.5,1,0
Asm_3OfnqBTIGs4,40.0,1,0
Asm_3OfnqBTIGs4,40.0,0,0
Asm_3OfnqBTIGs4,40.5,0,0
Asm_3OfnqBTIGs4,40.5,1,0
Asm_3OfnqBTIGs4,41.0,1,0
Asm_3OfnqBTIGs4,41.0,1,0
Asm_3OfnqBTIGs4,41.5,1,0
Asm_3OfnqBTIGs4,41.5,1,0
Asm_3OfnqBTIGs4,42.0,1,0
Asm_3OfnqBTIGs4,42.0,1,0
Asm_3OfnqBTIGs4,42.5,1,0
Asm_3OfnqBTIGs4,42.5,0,0
Asm_3OfnqBTIGs4,43.0,0,0
Asm_3OfnqBTIGs4,43.0,0,0
Asm_3OfnqBTIGs4,43.5,0,0
Asm_3OfnqBTIGs4,43.5,0,0
Asm_3OfnqBTIGs4,44.0,0,0
Asm_3OfnqBTIGs4,44.0,0,0
Asm_3OfnqBTIGs4,44.5,0,0
Asm_3OfnqBTIGs4,44.5,1,0
Asm_3OfnqBTIGs4,45.0,1,0
Asm_3OfnqBTIGs4,45.0,1,0
Asm_3OfnqBTIGs4,45.5,1,0
Asm_3OfnqBTIGs4,45.5,0,0
Asm_3OfnqBTIGs4,46.0,0,0
Asm_3OfnqBTIGs4,46.0,1,0
Asm_3OfnqBTIGs4,46.5,1,0
Asm_3OfnqBTIGs4,46.5,1,0
Asm_3OfnqBTIGs4,47.0,1,0
Asm_3OfnqBTIGs4,47.0,1,1
Asm_3OfnqBTIGs4,47.5,1,1
Asm_3OfnqBTIGs4,47.5,0,1
Asm_3OfnqBTIGs4,48.0,0,1
Asm_3OfnqBTIGs4,48.0,1,0
Asm_3OfnqBTIGs4,48.5,1,0
Asm_3OfnqBTIGs4,48.5,1,0
Asm_3OfnqBTIGs4,49.0,1,0
Asm_3OfnqBTIGs4,49.0,1,0
Asm_3OfnqBTIGs4,49.5,1,0
Asm_3OfnqBTIGs4,49.5,1,0
Asm_3OfnqBTIGs4,50.0,1,0
Asm_3OfnqBTIGs4,50.0,1,0
Asm_3OfnqBTIGs4,50.5,1,0
Asm_3OfnqBTIGs4,50.5,1,0
Asm_3OfnqBTIGs4,51.0,1,0
Asm_3OfnqBTIGs4,51.0,0,0
Asm_3OfnqBTIGs4,51.5,0,0
Asm_3OfnqBTIGs4,51.5,0,0
Asm_3OfnqBTIGs4,52.0,0,0
Asm_3OfnqBTIGs4,52.0,0,0
Asm_3OfnqBTIGs4,52.5,0,0
Asm_3OfnqBTIGs4,52.5,0,0
Asm_3OfnqBTIGs4,53.0,0,0
Asm_3OfnqBTIGs4,53.0,0,0
Asm_3OfnqBTIGs4,53.5,0,0
Asm_3OfnqBTIGs4,53.5,1,0
Asm_3OfnqBTIGs4,54.0,1,0
Asm_3OfnqBTIGs4,54.0,1,0
Asm_3OfnqBTIGs4,54.5,1,0
Asm_3OfnqBTIGs4,54.5,1,0
Asm_3OfnqBTIGs4,55.0,1,0
Asm_3OfnqBTIGs4,55.0,1,0
Asm_3OfnqBTIGs4,55.5,1,0
Asm_3OfnqBTIGs4,55.5,0,0
Asm_3OfnqBTIGs4,56.0,0,0
Asm_3OfnqBTIGs4,56.0,0,0
Asm_3OfnqBTIGs4,56.5,0,0
Asm_3OfnqBTIGs4,56.5,0,0
Asm_3OfnqBTIGs4,57.0,0,0
Asm_3OfnqBTIGs4,57.0,1,0
Asm_3OfnqBTIGs4,57.5,1,0
Asm_3OfnqBTIGs4,57.5,1,0
Asm_3OfnqBTIGs4,58.0,1,0
Asm_3OfnqBTIGs4,58.0,1,0
Asm_3OfnqBTIGs4,58.5,1,0
Asm_3OfnqBTIGs4,58.5,1,0
Asm_3OfnqBTIGs4,59.0,1,0
Asm_3OfnqBTIGs4,59.0,1,0
Asm_3OfnqBTIGs4,59.5,1,0
Asm_3OfnqBTIGs4,59.5,1,0
Asm_3OfnqBTIGs4,60.0,1,0
Asm_3OfnqBTIGs4,60.0,1,0
Asm_3OfnqBTIGs4,60.5,1,0
Asm_3OfnqBTIGs4,60.5,1,0
Asm_3OfnqBTIGs4,61.0,1,0
Asm_3OfnqBTIGs4,61.0,1,0
Asm_3OfnqBTIGs4,61.5,1,0
Asm_3OfnqBTIGs4,61.5,1,0
Asm_3OfnqBTIGs4,62.0,1,0
Asm_3OfnqBTIGs4,62.0,1,0
Asm_3OfnqBTIGs4,62.5,1,0
Asm_3OfnqBTIGs4,62.5,1,0
Asm_3OfnqBTIGs4,63.0,1,0
Asm_3OfnqBTIGs4,63.0,1,0
Asm_3OfnqBTIGs4,63.5,1,0
Asm_3OfnqBTIGs4,63.5,1,0
Asm_3OfnqBTIGs4,64.0,1,0
Asm_3OfnqBTIGs4,64.0,1,0
Asm_3OfnqBTIGs4,64.5,1,0
Asm_3OfnqBTIGs4,64.5,1,0
Asm_3OfnqBTIGs4,65.0,1,0
Asm_3OfnqBTIGs4,65.0,0,0
Asm_3OfnqBTIGs4,65.5,0,0
Asm_3OfnqBTIGs4,65.5,0,0
Asm_3OfnqBTIGs4,66.0,0,0
Asm_3OfnqBTIGs4,66.0,1,0
Asm_3OfnqBTIGs4,66.5,1,0
Asm_3OfnqBTIGs4,66.5,1,0
Asm_3OfnqBTIGs4,67.0,1,0
Asm_3OfnqBTIGs4,67.0,1,0
Asm_3OfnqBTIGs4,67.5,1,0
Asm_3OfnqBTIGs4,67.5,1,0
Asm_3OfnqBTIGs4,68.0,1,0
Asm_3OfnqBTIGs4,68.0,1,0
Asm_3OfnqBTIGs4,68.5,1,0
Asm_3OfnqBTIGs4,68.5,1,0
Asm_3OfnqBTIGs4,69.0,1,0
Asm_3OfnqBTIGs4,69.0,1,0
Asm_3OfnqBTIGs4,69.5,1,0
Asm_3OfnqBTIGs4,69.5,1,0
Asm_3OfnqBTIGs4,70.0,1,0
Asm_3OfnqBTIGs4,70.0,1,0
Asm_3OfnqBTIGs4,70.5,1,0
Asm_3OfnqBTIGs4,70.5,0,0
Asm_3OfnqBTIGs4,71.0,0,0
Asm_3OfnqBTIGs4,71.0,0,0
Asm_3OfnqBTIGs4,71.5,0,0
Asm_3OfnqBTIGs4,71.5,0,0
Asm_3OfnqBTIGs4,72.0,0,0
Asm_3OfnqBTIGs4,72.0,0,0
Asm_3OfnqBTIGs4,72.5,0,0
Asm_3OfnqBTIGs4,72.5,0,0
Asm_3OfnqBTIGs4,73.0,0,0
Asm_3OfnqBTIGs4,73.0,0,0
Asm_3OfnqBTIGs4,73.5,0,0
Asm_3OfnqBTIGs4,73.5,1,0
Asm_3OfnqBTIGs4,74.0,1,0
Asm_3OfnqBTIGs4,74.0,1,0
Asm_3OfnqBTIGs4,74.5,1,0
Asm_3OfnqBTIGs4,74.5,1,0
Asm_3OfnqBTIGs4,75.0,1,0
Asm_3OfnqBTIGs4,75.0,1,0
Asm_3OfnqBTIGs4,75.5,1,0
Asm_3OfnqBTIGs4,75.5,1,0
Asm_3OfnqBTIGs4,76.0,1,0
Asm_3OfnqBTIGs4,76.0,1,0
Asm_3OfnqBTIGs4,76.5,1,0
Asm_3OfnqBTIGs4,76.5,1,0
Asm_3OfnqBTIGs4,77.0,1,0
Asm_3OfnqBTIGs4,77.0,1,0
Asm_3OfnqBTIGs4,77.5,1,0
Asm_3OfnqBTIGs4,77.5,1,0
Asm_3OfnqBTIGs4,78.0,1,0
Asm_3OfnqBTIGs4,78.0,0,0
Asm_3OfnqBTIGs4,78.5,0,0
Asm_3OfnqBTIGs4,78.5,0,0
Asm_3OfnqBTIGs4,79.0,0,0
Asm_3OfnqBTIGs4,79.0,1,0
Asm_3OfnqBTIGs4,79.5,1,0
Asm_3OfnqBTIGs4,79.5,1,0
Asm_3OfnqBTIGs4,80.0,1,0
Asm_3OfnqBTIGs4,80.0,1,0
Asm_3OfnqBTIGs4,80.5,1,0
Asm_3OfnqBTIGs4,80.5,1,0
Asm_3OfnqBTIGs4,81.0,1,0
Asm_3OfnqBTIGs4,81.0,1,0
Asm_3OfnqBTIGs4,81.5,1,0
Asm_3OfnqBTIGs4,81.5,1,0
Asm_3OfnqBTIGs4,82.0,1,0
Asm_3OfnqBTIGs4,82.0,1,0
Asm_3OfnqBTIGs4,82.5,1,0
Asm_3OfnqBTIGs4,82.5,1,0
Asm_3OfnqBTIGs4,83.0,1,0
Asm_3OfnqBTIGs4,83.0,1,0
Asm_3OfnqBTIGs4,83.5,1,0
Asm_3OfnqBTIGs4,83.5,0,0
Asm_3OfnqBTIGs4,84.0,0,0
Asm_3OfnqBTIGs4,84.0,0,0
Asm_3OfnqBTIGs4,84.5,0,0
Asm_3OfnqBTIGs4,84.5,0,0
Asm_3OfnqBTIGs4,85.0,0,0
Asm_3OfnqBTIGs4,85.0,1,0
Asm_3OfnqBTIGs4,85.5,1,0
Asm_3OfnqBTIGs4,85.5,1,0
Asm_3OfnqBTIGs4,86.0,1,0
Asm_3OfnqBTIGs4,86.0,1,0
Asm_3OfnqBTIGs4,86.5,1,0
Asm_3OfnqBTIGs4,86.5,1,0
Asm_3OfnqBTIGs4,87.0,1,0
Asm_3OfnqBTIGs4,87.0,0,0
Asm_3OfnqBTIGs4,87.5,0,0
Asm_3OfnqBTIGs4,87.5,0,0
Asm_3OfnqBTIGs4,88.0,0,0
Asm_3OfnqBTIGs4,88.0,1,0
Asm_3OfnqBTIGs4,88.5,1,0
Asm_3OfnqBTIGs4,88.5,1,0
Asm_3OfnqBTIGs4,89.0,1,0
Asm_3OfnqBTIGs4,89.0,0,0
Asm_3OfnqBTIGs4,89.5,0,0
Asm_3OfnqBTIGs4,89.5,0,0
Asm_3OfnqBTIGs4,90.0,0,0
Asm_3OfnqBTIGs4,90.0,0,0
Asm_3OfnqBTIGs4,90.5,0,0
Asm_3OfnqBTIGs4,90.5,1,1
Asm_3OfnqBTIGs4,91.0,1,1
Asm_3OfnqBTIGs4,91.0,1,1
Asm_3OfnqBTIGs4,91.5,1,1
Asm_3OfnqBTIGs4,91.5,0,0
Asm_3OfnqBTIGs4,92.0,0,0
Asm_3OfnqBTIGs4,92.0,0,0
Asm_3OfnqBTIGs4,92.5,0,0
Asm_3OfnqBTIGs4,92.5,0,0
Asm_3OfnqBTIGs4,93.0,0,0
Asm_3OfnqBTIGs4,93.0,1,1
Asm_3OfnqBTIGs4,93.5,1,1
Asm_3OfnqBTIGs4,93.5,0,1
Asm_3OfnqBTIGs4,94.0,0,1
Asm_3OfnqBTIGs4,94.0,0,0
Asm_3OfnqBTIGs4,94.5,0,0
Asm_3OfnqBTIGs4,94.5,0,0
Asm_3OfnqBTIGs4,95.0,0,0
Asm_3OfnqBTIGs4,95.0,0,0
Asm_3OfnqBTIGs4,95.5,0,0
Asm_3OfnqBTIGs4,95.5,0,0
Asm_3OfnqBTIGs4,96.0,0,0
Asm_3OfnqBTIGs4,96.0,0,0
Asm_3OfnqBTIGs4,96.5,0,0
Asm_3OfnqBTIGs4,96.5,0,0
Asm_3OfnqBTIGs4,97.0,0,0
Asm_3OfnqBTIGs4,97.0,0,0
Asm_3OfnqBTIGs4,97.5,0,0
Asm_3OfnqBTIGs4,97.5,0,0
Asm_3OfnqBTIGs4,98.0,0,0
Asm_3OfnqBTIGs4,98.0,0,0
Asm_3OfnqBTIGs4,98.5,0,0
Asm_3OfnqBTIGs4,98.5,1,0
Asm_3OfnqBTIGs4,99.0,1,0
Asm_3OfnqBTIGs4,99.0,1,0
Asm_3OfnqBTIGs4,99.5,1,0
Asm_3OfnqBTIGs4,99.5,1,0
Asm_3OfnqBTIGs4,100.0,1,0
Asm_3OfnqBTIGs4,100.0,1,0
Asm_3OfnqBTIGs4,100.5,1,0
Asm_3OfnqBTIGs4,100.5,1,0
Asm_3OfnqBTIGs4,101.0,1,0
Asm_3OfnqBTIGs4,101.0,1,0
Asm_3OfnqBTIGs4,101.5,1,0
Asm_3OfnqBTIGs4,101.5,1,0
Asm_3OfnqBTIGs4,102.0,1,0
Asm_3OfnqBTIGs4,102.0,1,0
Asm_3OfnqBTIGs4,102.5,1,0
Asm_3OfnqBTIGs4,102.5,1,0
Asm_3OfnqBTIGs4,103.0,1,0
Asm_3OfnqBTIGs4,103.0,0,0
Asm_3OfnqBTIGs4,103.5,0,0
Asm_3OfnqBTIGs4,103.5,0,0
Asm_3OfnqBTIGs4,104.0,0,0
Asm_3OfnqBTIGs4,104.0,0,0
Asm_3OfnqBTIGs4,104.5,0,0
Asm_3OfnqBTIGs4,104.5,0,0
Asm_3OfnqBTIGs4,105.0,0,0
Asm_3OfnqBTIGs4,105.0,0,0
Asm_3OfnqBTIGs4,105.5,0,0
Asm_3OfnqBTIGs4,105.5,0,0
Asm_3OfnqBTIGs4,106.0,0,0
Asm_3OfnqBTIGs4,106.0,1,1
Asm_3OfnqBTIGs4,106.5,1,1
Asm_3OfnqBTIGs4,106.5,1,1
Asm_3OfnqBTIGs4,107.0,1,1
Asm_3OfnqBTIGs4,107.0,1,0
Asm_3OfnqBTIGs4,107.5,1,0
Asm_3OfnqBTIGs4,107.5,1,0
Asm_3OfnqBTIGs4,108.0,1,0
Asm_3OfnqBTIGs4,108.0,1,0
Asm_3OfnqBTIGs4,108.5,1,0
Asm_3OfnqBTIGs4,108.5,1,0
Asm_3OfnqBTIGs4,109.0,1,0
Asm_3OfnqBTIGs4,109.0,1,0
Asm_3OfnqBTIGs4,109.5,1,0
Asm_3OfnqBTIGs4,109.5,1,0
Asm_3OfnqBTIGs4,110.0,1,0
Asm_3OfnqBTIGs4,110.0,1,0
Asm_3OfnqBTIGs4,110.5,1,0
Asm_3OfnqBTIGs4,110.5,1,0
Asm_3OfnqBTIGs4,111.0,1,0
Asm_3OfnqBTIGs4,111.0,1,0
Asm_3OfnqBTIGs4,111.5,1,0
Asm_3OfnqBTIGs4,111.5,1,0
Asm_3OfnqBTIGs4,112.0,1,0
Asm_3OfnqBTIGs4,112.0,1,0
Asm_3OfnqBTIGs4,112.5,1,0
Asm_3OfnqBTIGs4,112.5,1,0
Asm_3OfnqBTIGs4,113.0,1,0
Asm_3OfnqBTIGs4,113.0,1,0
Asm_3OfnqBTIGs4,113.5,1,0
Asm_3OfnqBTIGs4,113.5,0,0
Asm_3OfnqBTIGs4,114.0,0,0
Asm_3OfnqBTIGs4,114.0,0,0
Asm_3OfnqBTIGs4,114.5,0,0
Asm_3OfnqBTIGs4,114.5,0,0
Asm_3OfnqBTIGs4,115.0,0,0
Asm_3OfnqBTIGs4,115.0,0,0
Asm_3OfnqBTIGs4,115.5,0,0
Asm_3OfnqBTIGs4,115.5,1,0
Asm_3OfnqBTIGs4,116.0,1,0
Asm_3OfnqBTIGs4,116.0,0,0
Asm_3OfnqBTIGs4,116.5,0,0
Asm_3OfnqBTIGs4,116.5,0,0
Asm_3OfnqBTIGs4,117.0,0,0
Asm_3OfnqBTIGs4,117.0,0,0
Asm_3OfnqBTIGs4,117.5,0,0
Asm_3OfnqBTIGs4,117.5,0,0
Asm_3OfnqBTIGs4,118.0,0,0
Asm_3OfnqBTIGs4,118.0,0,0
Asm_3OfnqBTIGs4,118.5,0,0
Asm_3OfnqBTIGs4,118.5,1,0
Asm_3OfnqBTIGs4,119.0,1,0
Asm_3OfnqBTIGs4,119.0,1,0
Asm_3OfnqBTIGs4,119.5,1,0
Asm_3OfnqBTIGs4,119.5,1,0
Asm_3OfnqBTIGs4,120.0,1,0
Babble_s_m1QKaQXVc,0.0,0,1
Babble_s_m1QKaQXVc,0.5,0,1
Babble_s_m1QKaQXVc,0.5,0,1
Babble_s_m1QKaQXVc,1.0,0,1
Babble_s_m1QKaQXVc,1.0,0,1
Babble_s_m1QKaQXVc,1.5,0,1
Babble_s_m1QKaQXVc,1.5,0,0
Babble_s_m1QKaQXVc,2.0,0,0
Babble_s_m1QKaQXVc,2.0,0,0
Babble_s_m1QKaQXVc,2.5,0,0
Babble_s_m1QKaQXVc,2.5,0,0
Babble_s_m1QKaQXVc,3.0,0,0
Babble_s_m1QKaQXVc,3.0,0,1
Babble_s_m1QKaQXVc,3.5,0,1
Babble_s_m1QKaQXVc,3.5,0,1
Babble_s_m1QKaQXVc,4.0,0,1
Babble_s_m1QKaQXVc,4.0,0,1
Babble_s_m1QKaQXVc,4.5,0,1
Babble_s_m1QKaQXVc,4.5,0,1
Babble_s_m1QKaQXVc,5.0,0,1
Babble_s_m1QKaQXVc,5.0,0,1
Babble_s_m1QKaQXVc,5.5,0,1
Babble_s_m1QKaQXVc,5.5,0,1
Babble_s_m1QKaQXVc,6.0,0,1
Babble_s_m1QKaQXVc,6.0,0,1
Babble_s_m1QKaQXVc,6.5,0,1
Babble_s_m1QKaQXVc,6.5,0,1
Babble_s_m1QKaQXVc,7.0,0,1
Babble_s_m1QKaQXVc,7.0,0,1
Babble_s_m1QKaQXVc,7.5,0,1
Babble_s_m1QKaQXVc,7.5,0,1
Babble_s_m1QKaQXVc,8.0,0,1
Babble_s_m1QKaQXVc,8.0,0,1
Babble_s_m1QKaQXVc,8.5,0,1
Babble_s_m1QKaQXVc,8.5,0,1
Babble_s_m1QKaQXVc,9.0,0,1
Babble_s_m1QKaQXVc,9.0,0,1
Babble_s_m1QKaQXVc,9.5,0,1
Babble_s_m1QKaQXVc,9.5,0,1
Babble_s_m1QKaQXVc,10.0,0,1
Babble_s_m1QKaQXVc,10.0,0,0
Babble_s_m1QKaQXVc,10.5,0,0
Babble_s_m1QKaQXVc,10.5,0,0
Babble_s_m1QKaQXVc,11.0,0,0
Babble_s_m1QKaQXVc,11.0,0,0
Babble_s_m1QKaQXVc,11.5,0,0
Babble_s_m1QKaQXVc,11.5,0,0
Babble_s_m1QKaQXVc,12.0,0,0
Babble_s_m1QKaQXVc,12.0,0,0
Babble_s_m1QKaQXVc,12.5,0,0
Babble_s_m1QKaQXVc,12.5,0,0
Babble_s_m1QKaQXVc,13.0,0,0
Babble_s_m1QKaQXVc,13.0,0,1
Babble_s_m1QKaQXVc,13.5,0,1
Babble_s_m1QKaQXVc,13.5,0,1
Babble_s_m1QKaQXVc,14.0,0,1
Babble_s_m1QKaQXVc,14.0,0,1
Babble_s_m1QKaQXVc,14.5,0,1
Babble_s_m1QKaQXVc,14.5,0,1
Babble_s_m1QKaQXVc,15.0,0,1
Babble_s_m1QKaQXVc,15.0,0,1
Babble_s_m1QKaQXVc,15.5,0,1
Babble_s_m1QKaQXVc,15.5,0,1
Babble_s_m1QKaQXVc,16.0,0,1
Babble_s_m1QKaQXVc,16.0,0,1
Babble_s_m1QKaQXVc,16.5,0,1
Babble_s_m1QKaQXVc,16.5,0,1
Babble_s_m1QKaQXVc,17.0,0,1
Babble_s_m1QKaQXVc,17.0,0,1
Babble_s_m1QKaQXVc,17.5,0,1
Babble_s_m1QKaQXVc,17.5,0,1
Babble_s_m1QKaQXVc,18.0,0,1
Babble_s_m1QKaQXVc,18.0,0,1
Babble_s_m1QKaQXVc,18.5,0,1
Babble_s_m1QKaQXVc,18.5,0,1
Babble_s_m1QKaQXVc,19.0,0,1
Babble_s_m1QKaQXVc,19.0,0,1
Babble_s_m1QKaQXVc,19.5,0,1
Babble_s_m1QKaQXVc,19.5,0,1
Babble_s_m1QKaQXVc,20.0,0,1
Babble_s_m1QKaQXVc,20.0,0,1
Babble_s_m1QKaQXVc,20.5,0,1
Babble_s_m1QKaQXVc,20.5,0,1
Babble_s_m1QKaQXVc,21.0,0,1
Babble_s_m1QKaQXVc,21.0,0,1
Babble_s_m1QKaQXVc,21.5,0,1
Babble_s_m1QKaQXVc,21.5,0,1
Babble_s_m1QKaQXVc,22.0,0,1
Babble_s_m1QKaQXVc,22.0,0,1
Babble_s_m1QKaQXVc,22.5,0,1
Babble_s_m1QKaQXVc,22.5,0,1
Babble_s_m1QKaQXVc,23.0,0,1
Babble_s_m1QKaQXVc,23.0,0,1
Babble_s_m1QKaQXVc,23.5,0,1
Babble_s_m1QKaQXVc,23.5,0,1
Babble_s_m1QKaQXVc,24.0,0,1
Babble_s_m1QKaQXVc,24.0,0,1
Babble_s_m1QKaQXVc,24.5,0,1
Babble_s_m1QKaQXVc,24.5,0,1
Babble_s_m1QKaQXVc,25.0,0,1
Babble_s_m1QKaQXVc,25.0,0,1
Babble_s_m1QKaQXVc,25.5,0,1
Babble_s_m1QKaQXVc,25.5,0,1
Babble_s_m1QKaQXVc,26.0,0,1
Babble_s_m1QKaQXVc,26.0,0,1
Babble_s_m1QKaQXVc,26.5,0,1
Babble_s_m1QKaQXVc,26.5,0,1
Babble_s_m1QKaQXVc,27.0,0,1
Babble_s_m1QKaQXVc,27.0,0,1
Babble_s_m1QKaQXVc,27.5,0,1
Babble_s_m1QKaQXVc,27.5,0,1
Babble_s_m1QKaQXVc,28.0,0,1
Babble_s_m1QKaQXVc,28.0,0,1
Babble_s_m1QKaQXVc,28.5,0,1
Babble_s_m1QKaQXVc,28.5,0,1
Babble_s_m1QKaQXVc,29.0,0,1
Babble_s_m1QKaQXVc,29.0,0,0
Babble_s_m1QKaQXVc,29.5,0,0
Babble_s_m1QKaQXVc,29.5,0,0
Babble_s_m1QKaQXVc,30.0,0,0
Babble_s_m1QKaQXVc,30.0,0,1
Babble_s_m1QKaQXVc,30.5,0,1
Babble_s_m1QKaQXVc,30.5,0,1
Babble_s_m1QKaQXVc,31.0,0,1
Babble_s_m1QKaQXVc,31.0,0,1
Babble_s_m1QKaQXVc,31.5,0,1
Babble_s_m1QKaQXVc,31.5,0,1
Babble_s_m1QKaQXVc,32.0,0,1
Babble_s_m1QKaQXVc,32.0,0,1
Babble_s_m1QKaQXVc,32.5,0,1
Babble_s_m1QKaQXVc,32.5,0,1
Babble_s_m1QKaQXVc,33.0,0,1
Babble_s_m1QKaQXVc,33.0,0,1
Babble_s_m1QKaQXVc,33.5,0,1
Babble_s_m1QKaQXVc,33.5,0,1
Babble_s_m1QKaQXVc,34.0,0,1
Babble_s_m1QKaQXVc,34.0,0,0
Babble_s_m1QKaQXVc,34.5,0,0
Babble_s_m1QKaQXVc,34.5,0,0
Babble_s_m1QKaQXVc,35.0,0,0
Babble_s_m1QKaQXVc,35.0,0,0
Babble_s_m1QKaQXVc,35.5,0,0
Babble_s_m1QKaQXVc,35.5,0,0
Babble_s_m1QKaQXVc,36.0,0,0
Babble_s_m1QKaQXVc,36.0,0,1
Babble_s_m1QKaQXVc,36.5,0,1
Babble_s_m1QKaQXVc,36.5,0,1
Babble_s_m1QKaQXVc,37.0,0,1
Babble_s_m1QKaQXVc,37.0,0,1
Babble_s_m1QKaQXVc,37.5,0,1
Babble_s_m1QKaQXVc,37.5,0,1
Babble_s_m1QKaQXVc,38.0,0,1
Babble_s_m1QKaQXVc,38.0,0,1
Babble_s_m1QKaQXVc,38.5,0,1
Babble_s_m1QKaQXVc,38.5,0,0
Babble_s_m1QKaQXVc,39.0,0,0
Babble_s_m1QKaQXVc,39.0,0,0
Babble_s_m1QKaQXVc,39.5,0,0
Babble_s_m1QKaQXVc,39.5,0,1
Babble_s_m1QKaQXVc,40.0,0,1
Babble_s_m1QKaQXVc,40.0,0,1
Babble_s_m1QKaQXVc,40.5,0,1
Babble_s_m1QKaQXVc,40.5,0,1
Babble_s_m1QKaQXVc,41.0,0,1
Babble_s_m1QKaQXVc,41.0,0,1
Babble_s_m1QKaQXVc,41.5,0,1
Babble_s_m1QKaQXVc,41.5,0,1
Babble_s_m1QKaQXVc,42.0,0,1
Babble_s_m1QKaQXVc,42.0,0,1
Babble_s_m1QKaQXVc,42.5,0,1
Babble_s_m1QKaQXVc,42.5,0,1
Babble_s_m1QKaQXVc,43.0,0,1
Babble_s_m1QKaQXVc,43.0,0,1
Babble_s_m1QKaQXVc,43.5,0,1
Babble_s_m1QKaQXVc,43.5,0,1
Babble_s_m1QKaQXVc,44.0,0,1
Babble_s_m1QKaQXVc,44.0,0,1
Babble_s_m1QKaQXVc,44.5,0,1
Babble_s_m1QKaQXVc,44.5,0,1
Babble_s_m1QKaQXVc,45.0,0,1
Babble_s_m1QKaQXVc,45.0,0,1
Babble_s_m1QKaQXVc,45.5,0,1
Babble_s_m1QKaQXVc,45.5,0,1
Babble_s_m1QKaQXVc,46.0,0,1
Babble_s_m1QKaQXVc,46.0,0,1
Babble_s_m1QKaQXVc,46.5,0,1
Babble_s_m1QKaQXVc,46.5,0,1
Babble_s_m1QKaQXVc,47.0,0,1
Babble_s_m1QKaQXVc,47.0,0,1
Babble_s_m1QKaQXVc,47.5,0,1
Babble_s_m1QKaQXVc,47.5,0,1
Babble_s_m1QKaQXVc,48.0,0,1
Babble_s_m1QKaQXVc,48.0,0,1
Babble_s_m1QKaQXVc,48.5,0,1
Babble_s_m1QKaQXVc,48.5,0,1
Babble_s_m1QKaQXVc,49.0,0,1
Babble_s_m1QKaQXVc,49.0,0,1
Babble_s_m1QKaQXVc,49.5,0,1
Babble_s_m1QKaQXVc,49.5,0,1
Babble_s_m1QKaQXVc,50.0,0,1
Babble_s_m1QKaQXVc,50.0,0,1
Babble_s_m1QKaQXVc,50.5,0,1
Babble_s_m1QKaQXVc,50.5,0,1
Babble_s_m1QKaQXVc,51.0,0,1
Babble_s_m1QKaQXVc,51.0,0,1
Babble_s_m1QKaQXVc,51.5,0,1
Babble_s_m1QKaQXVc,51.5,0,1
Babble_s_m1QKaQXVc,52.0,0,1
Babble_s_m1QKaQXVc,52.0,0,1
Babble_s_m1QKaQXVc,52.5,0,1
Babble_s_m1QKaQXVc,52.5,0,1
Babble_s_m1QKaQXVc,53.0,0,1
Babble_s_m1QKaQXVc,53.0,0,1
Babble_s_m1QKaQXVc,53.5,0,1
Babble_s_m1QKaQXVc,53.5,0,1
Babble_s_m1QKaQXVc,54.0,0,1
Babble_s_m1QKaQXVc,54.0,1,1
Babble_s_m1QKaQXVc,54.5,1,1
Babble_s_m1QKaQXVc,54.5,1,1
Babble_s_m1QKaQXVc,55.0,1,1
Babble_s_m1QKaQXVc,55.0,1,1
Babble_s_m1QKaQXVc,55.5,1,1
Babble_s_m1QKaQXVc,55.5,1,1
Babble_s_m1QKaQXVc,56.0,1,1
Babble_s_m1QKaQXVc,56.0,1,1
Babble_s_m1QKaQXVc,56.5,1,1
Babble_s_m1QKaQXVc,56.5,0,1
Babble_s_m1QKaQXVc,57.0,0,1
Babble_s_m1QKaQXVc,57.0,0,1
Babble_s_m1QKaQXVc,57.5,0,1
Babble_s_m1QKaQXVc,57.5,0,1
Babble_s_m1QKaQXVc,58.0,0,1
Babble_s_m1QKaQXVc,58.0,0,1
Babble_s_m1QKaQXVc,58.5,0,1
Babble_s_m1QKaQXVc,58.5,0,1
Babble_s_m1QKaQXVc,59.0,0,1
Babble_s_m1QKaQXVc,59.0,0,0
Babble_s_m1QKaQXVc,59.5,0,0
Babble_s_m1QKaQXVc,59.5,0,1
Babble_s_m1QKaQXVc,60.0,0,1
Babble_s_m1QKaQXVc,60.0,0,1
Babble_s_m1QKaQXVc,60.5,0,1
Babble_s_m1QKaQXVc,60.5,0,1
Babble_s_m1QKaQXVc,61.0,0,1
Babble_s_m1QKaQXVc,61.0,0,1
Babble_s_m1QKaQXVc,61.5,0,1
Babble_s_m1QKaQXVc,61.5,0,1
Babble_s_m1QKaQXVc,62.0,0,1
Babble_s_m1QKaQXVc,62.0,0,1
Babble_s_m1QKaQXVc,62.5,0,1
Babble_s_m1QKaQXVc,62.5,0,1
Babble_s_m1QKaQXVc,63.0,0,1
Babble_s_m1QKaQXVc,63.0,0,1
Babble_s_m1QKaQXVc,63.5,0,1
Babble_s_m1QKaQXVc,63.5,0,1
Babble_s_m1QKaQXVc,64.0,0,1
Babble_s_m1QKaQXVc,64.0,0,1
Babble_s_m1QKaQXVc,64.5,0,1
Babble_s_m1QKaQXVc,64.5,0,1
Babble_s_m1QKaQXVc,65.0,0,1
Babble_s_m1QKaQXVc,65.0,0,1
Babble_s_m1QKaQXVc,65.5,0,1
Babble_s_m1QKaQXVc,65.5,0,1
Babble_s_m1QKaQXVc,66.0,0,1
Babble_s_m1QKaQXVc,66.0,0,1
Babble_s_m1QKaQXVc,66.5,0,1
Babble_s_m1QKaQXVc,66.5,0,1
Babble_s_m1QKaQXVc,67.0,0,1
Babble_s_m1QKaQXVc,67.0,0,1
Babble_s_m1QKaQXVc,67.5,0,1
Babble_s_m1QKaQXVc,67.5,1,1
Babble_s_m1QKaQXVc,68.0,1,1
Babble_s_m1QKaQXVc,68.0,1,1
Babble_s_m1QKaQXVc,68.5,1,1
Babble_s_m1QKaQXVc,68.5,1,1
Babble_s_m1QKaQXVc,69.0,1,1
Babble_s_m1QKaQXVc,69.0,1,1
Babble_s_m1QKaQXVc,69.5,1,1
Babble_s_m1QKaQXVc,69.5,0,1
Babble_s_m1QKaQXVc,70.0,0,1
Babble_s_m1QKaQXVc,70.0,0,1
Babble_s_m1QKaQXVc,70.5,0,1
Babble_s_m1QKaQXVc,70.5,0,1
Babble_s_m1QKaQXVc,71.0,0,1
Babble_s_m1QKaQXVc,71.0,0,1
Babble_s_m1QKaQXVc,71.5,0,1
Babble_s_m1QKaQXVc,71.5,0,1
Babble_s_m1QKaQXVc,72.0,0,1
Babble_s_m1QKaQXVc,72.0,0,1
Babble_s_m1QKaQXVc,72.5,0,1
Babble_s_m1QKaQXVc,72.5,0,1
Babble_s_m1QKaQXVc,73.0,0,1
Babble_s_m1QKaQXVc,73.0,1,1
Babble_s_m1QKaQXVc,73.5,1,1
Babble_s_m1QKaQXVc,73.5,1,1
Babble_s_m1QKaQXVc,74.0,1,1
Babble_s_m1QKaQXVc,74.0,1,1
Babble_s_m1QKaQXVc,74.5,1,1
Babble_s_m1QKaQXVc,74.5,0,1
Babble_s_m1QKaQXVc,75.0,0,1
Babble_s_m1QKaQXVc,75.0,0,1
Babble_s_m1QKaQXVc,75.5,0,1
Babble_s_m1QKaQXVc,75.5,0,1
Babble_s_m1QKaQXVc,76.0,0,1
Babble_s_m1QKaQXVc,76.0,0,1
Babble_s_m1QKaQXVc,76.5,0,1
Babble_s_m1QKaQXVc,76.5,0,1
Babble_s_m1QKaQXVc,77.0,0,1
Babble_s_m1QKaQXVc,77.0,0,0
Babble_s_m1QKaQXVc,77.5,0,0
Babble_s_m1QKaQXVc,77.5,0,0
Babble_s_m1QKaQXVc,78.0,0,0
Babble_s_m1QKaQXVc,78.0,0,0
Babble_s_m1QKaQXVc,78.5,0,0
Babble_s_m1QKaQXVc,78.5,0,0
Babble_s_m1QKaQXVc,79.0,0,0
Babble_s_m1QKaQXVc,79.0,0,0
Babble_s_m1QKaQXVc,79.5,0,0
Babble_s_m1QKaQXVc,79.5,0,1
Babble_s_m1QKaQXVc,80.0,0,1
Babble_s_m1QKaQXVc,80.0,0,1
Babble_s_m1QKaQXVc,80.5,0,1
Babble_s_m1QKaQXVc,80.5,0,1
Babble_s_m1QKaQXVc,81.0,0,1
Babble_s_m1QKaQXVc,81.0,0,1
Babble_s_m1QKaQXVc,81.5,0,1
Babble_s_m1QKaQXVc,81.5,0,1
Babble_s_m1QKaQXVc,82.0,0,1
Babble_s_m1QKaQXVc,82.0,0,1
Babble_s_m1QKaQXVc,82.5,0,1
Babble_s_m1QKaQXVc,82.5,0,1
Babble_s_m1QKaQXVc,83.0,0,1
Babble_s_m1QKaQXVc,83.0,0,1
Babble_s_m1QKaQXVc,83.5,0,1
Babble_s_m1QKaQXVc,83.5,0,1
Babble_s_m1QKaQXVc,84.0,0,1
Babble_s_m1QKaQXVc,84.0,0,1
Babble_s_m1QKaQXVc,84.5,0,1
Babble_s_m1QKaQXVc,84.5,0,1
Babble_s_m1QKaQXVc,85.0,0,1
Babble_s_m1QKaQXVc,85.0,0,1
Babble_s_m1QKaQXVc,85.5,0,1
Babble_s_m1QKaQXVc,85.5,0,1
Babble_s_m1QKaQXVc,86.0,0,1
Babble_s_m1QKaQXVc,86.0,0,1
Babble_s_m1QKaQXVc,86.5,0,1
Babble_s_m1QKaQXVc,86.5,0,1
Babble_s_m1QKaQXVc,87.0,0,1
Babble_s_m1QKaQXVc,87.0,0,1
Babble_s_m1QKaQXVc,87.5,0,1
Babble_s_m1QKaQXVc,87.5,0,1
Babble_s_m1QKaQXVc,88.0,0,1
Babble_s_m1QKaQXVc,88.0,0,1
Babble_s_m1QKaQXVc,88.5,0,1
Babble_s_m1QKaQXVc,88.5,0,1
Babble_s_m1QKaQXVc,89.0,0,1
Babble_s_m1QKaQXVc,89.0,0,0
Babble_s_m1QKaQXVc,89.5,0,0
Babble_s_m1QKaQXVc,89.5,1,0
Babble_s_m1QKaQXVc,90.0,1,0
Babble_s_m1QKaQXVc,90.0,0,0
Babble_s_m1QKaQXVc,90.5,0,0
Babble_s_m1QKaQXVc,90.5,0,0
Babble_s_m1QKaQXVc,91.0,0,0
Babble_s_m1QKaQXVc,91.0,0,1
Babble_s_m1QKaQXVc,91.5,0,1
Babble_s_m1QKaQXVc,91.5,0,1
Babble_s_m1QKaQXVc,92.0,0,1
Babble_s_m1QKaQXVc,92.0,0,1
Babble_s_m1QKaQXVc,92.5,0,1
Babble_s_m1QKaQXVc,92.5,0,1
Babble_s_m1QKaQXVc,93.0,0,1
Babble_s_m1QKaQXVc,93.0,0,1
Babble_s_m1QKaQXVc,93.5,0,1
Babble_s_m1QKaQXVc,93.5,0,1
Babble_s_m1QKaQXVc,94.0,0,1
Babble_s_m1QKaQXVc,94.0,0,1
Babble_s_m1QKaQXVc,94.5,0,1
Babble_s_m1QKaQXVc,94.5,0,0
Babble_s_m1QKaQXVc,95.0,0,0
Babble_s_m1QKaQXVc,95.0,0,1
Babble_s_m1QKaQXVc,95.5,0,1
Babble_s_m1QKaQXVc,95.5,0,1
Babble_s_m1QKaQXVc,96.0,0,1
Babble_s_m1QKaQXVc,96.0,0,1
Babble_s_m1QKaQXVc,96.5,0,1
Babble_s_m1QKaQXVc,96.5,0,1
Babble_s_m1QKaQXVc,97.0,0,1
Babble_s_m1QKaQXVc,97.0,0,1
Babble_s_m1QKaQXVc,97.5,0,1
Babble_s_m1QKaQXVc,97.5,0,1
Babble_s_m1QKaQXVc,98.0,0,1
Babble_s_m1QKaQXVc,98.0,0,1
Babble_s_m1QKaQXVc,98.5,0,1
Babble_s_m1QKaQXVc,98.5,0,1
Babble_s_m1QKaQXVc,99.0,0,1
Babble_s_m1QKaQXVc,99.0,0,1
Babble_s_m1QKaQXVc,99.5,0,1
Babble_s_m1QKaQXVc,99.5,0,1
Babble_s_m1QKaQXVc,100.0,0,1
Babble_s_m1QKaQXVc,100.0,0,1
Babble_s_m1QKaQXVc,100.5,0,1
Babble_s_m1QKaQXVc,100.5,0,1
Babble_s_m1QKaQXVc,101.0,0,1
Babble_s_m1QKaQXVc,101.0,0,1
Babble_s_m1QKaQXVc,101.5,0,1
Babble_s_m1QKaQXVc,101.5,0,1
Babble_s_m1QKaQXVc,102.0,0,1
Babble_s_m1QKaQXVc,102.0,1,1
Babble_s_m1QKaQXVc,102.5,1,1
Babble_s_m1QKaQXVc,102.5,1,1
Babble_s_m1QKaQXVc,103.0,1,1
Babble_s_m1QKaQXVc,103.0,1,1
Babble_s_m1QKaQXVc,103.5,1,1
Babble_s_m1QKaQXVc,103.5,1,1
Babble_s_m1QKaQXVc,104.0,1,1
Babble_s_m1QKaQXVc,104.0,1,1
Babble_s_m1QKaQXVc,104.5,1,1
Babble_s_m1QKaQXVc,104.5,1,1
Babble_s_m1QKaQXVc,105.0,1,1
Babble_s_m1QKaQXVc,105.0,1,1
Babble_s_m1QKaQXVc,105.5,1,1
Babble_s_m1QKaQXVc,105.5,1,1
Babble_s_m1QKaQXVc,106.0,1,1
Babble_s_m1QKaQXVc,106.0,1,1
Babble_s_m1QKaQXVc,106.5,1,1
Babble_s_m1QKaQXVc,106.5,0,1
Babble_s_m1QKaQXVc,107.0,0,1
Babble_s_m1QKaQXVc,107.0,0,1
Babble_s_m1QKaQXVc,107.5,0,1
Babble_s_m1QKaQXVc,107.5,1,1
Babble_s_m1QKaQXVc,108.0,1,1
Babble_s_m1QKaQXVc,108.0,1,1
Babble_s_m1QKaQXVc,108.5,1,1
Babble_s_m1QKaQXVc,108.5,1,1
Babble_s_m1QKaQXVc,109.0,1,1
Babble_s_m1QKaQXVc,109.0,1,1
Babble_s_m1QKaQXVc,109.5,1,1
Babble_s_m1QKaQXVc,109.5,0,1
Babble_s_m1QKaQXVc,110.0,0,1
Babble_s_m1QKaQXVc,110.0,0,1
Babble_s_m1QKaQXVc,110.5,0,1
Babble_s_m1QKaQXVc,110.5,0,1
Babble_s_m1QKaQXVc,111.0,0,1
Babble_s_m1QKaQXVc,111.0,0,1
Babble_s_m1QKaQXVc,111.5,0,1
Babble_s_m1QKaQXVc,111.5,0,1
Babble_s_m1QKaQXVc,112.0,0,1
Babble_s_m1QKaQXVc,112.0,0,1
Babble_s_m1QKaQXVc,112.5,0,1
Babble_s_m1QKaQXVc,112.5,0,1
Babble_s_m1QKaQXVc,113.0,0,1
Babble_s_m1QKaQXVc,113.0,0,1
Babble_s_m1QKaQXVc,113.5,0,1
Babble_s_m1QKaQXVc,113.5,0,1
Babble_s_m1QKaQXVc,114.0,0,1
Babble_s_m1QKaQXVc,114.0,0,1
Babble_s_m1QKaQXVc,114.5,0,1
Babble_s_m1QKaQXVc,114.5,0,1
Babble_s_m1QKaQXVc,115.0,0,1
Babble_s_m1QKaQXVc,115.0,0,1
Babble_s_m1QKaQXVc,115.5,0,1
Babble_s_m1QKaQXVc,115.5,0,1
Babble_s_m1QKaQXVc,116.0,0,1
Babble_s_m1QKaQXVc,116.0,0,1
Babble_s_m1QKaQXVc,116.5,0,1
Babble_s_m1QKaQXVc,116.5,0,1
Babble_s_m1QKaQXVc,117.0,0,1
Babble_s_m1QKaQXVc,117.0,1,1
Babble_s_m1QKaQXVc,117.5,1,1
Babble_s_m1QKaQXVc,117.5,1,1
Babble_s_m1QKaQXVc,118.0,1,1
Babble_s_m1QKaQXVc,118.0,0,1
Babble_s_m1QKaQXVc,118.5,0,1
Babble_s_m1QKaQXVc,118.5,0,1
Babble_s_m1QKaQXVc,119.0,0,1
Babble_s_m1QKaQXVc,119.0,0,0
Babble_s_m1QKaQXVc,119.5,0,0
Babble_s_m1QKaQXVc,119.5,0,0
Babble_s_m1QKaQXVc,120.0,0,0
Clean_TlV_tehrTFs,0.0,1,1
Clean_TlV_tehrTFs,0.5,1,1
Clean_TlV_tehrTFs,0.5,1,1
Clean_TlV_tehrTFs,1.0,1,1
Clean_TlV_tehrTFs,1.0,1,1
Clean_TlV_tehrTFs,1.5,1,1
Clean_TlV_tehrTFs,1.5,0,1
Clean_TlV_tehrTFs,2.0,0,1
Clean_TlV_tehrTFs,2.0,1,1
Clean_TlV_tehrTFs,2.5,1,1
Clean_TlV_tehrTFs,2.5,1,1
Clean_TlV_tehrTFs,3.0,1,1
Clean_TlV_tehrTFs,3.0,1,1
Clean_TlV_tehrTFs,3.5,1,1
Clean_TlV_tehrTFs,3.5,1,1
Clean_TlV_tehrTFs,4.0,1,1
Clean_TlV_tehrTFs,4.0,1,1
Clean_TlV_tehrTFs,4.5,1,1
Clean_TlV_tehrTFs,4.5,1,1
Clean_TlV_tehrTFs,5.0,1,1
Clean_TlV_tehrTFs,5.0,1,1
Clean_TlV_tehrTFs,5.5,1,1
Clean_TlV_tehrTFs,5.5,1,1
Clean_TlV_tehrTFs,6.0,1,1
Clean_TlV_tehrTFs,6.0,1,1
Clean_TlV_tehrTFs,6.5,1,1
Clean_TlV_tehrTFs,6.5,1,1
Clean_TlV_tehrTFs,7.0,1,1
Clean_TlV_tehrTFs,7.0,1,1
Clean_TlV_tehrTFs,7.5,1,1
Clean_TlV_tehrTFs,7.5,1,1
Clean_TlV_tehrTFs,8.0,1,1
Clean_TlV_tehrTFs,8.0,1,1
Clean_TlV_tehrTFs,8.5,1,1
Clean_TlV_tehrTFs,8.5,1,1
Clean_TlV_tehrTFs,9.0,1,1
Clean_TlV_tehrTFs,9.0,1,1
Clean_TlV_tehrTFs,9.5,1,1
Clean_TlV_tehrTFs,9.5,0,1
Clean_TlV_tehrTFs,10.0,0,1
Clean_TlV_tehrTFs,10.0,1,1
Clean_TlV_tehrTFs,10.5,1,1
Clean_TlV_tehrTFs,10.5,1,1
Clean_TlV_tehrTFs,11.0,1,1
Clean_TlV_tehrTFs,11.0,1,1
Clean_TlV_tehrTFs,11.5,1,1
Clean_TlV_tehrTFs,11.5,1,1
Clean_TlV_tehrTFs,12.0,1,1
Clean_TlV_tehrTFs,12.0,1,1
Clean_TlV_tehrTFs,12.5,1,1
Clean_TlV_tehrTFs,12.5,1,1
Clean_TlV_tehrTFs,13.0,1,1
Clean_TlV_tehrTFs,13.0,1,1
Clean_TlV_tehrTFs,13.5,1,1
Clean_TlV_tehrTFs,13.5,1,1
Clean_TlV_tehrTFs,14.0,1,1
Clean_TlV_tehrTFs,14.0,1,1
Clean_TlV_tehrTFs,14.5,1,1
Clean_TlV_tehrTFs,14.5,1,1
Clean_TlV_tehrTFs,15.0,1,1
Clean_TlV_tehrTFs,15.0,1,1
Clean_TlV_tehrTFs,15.5,1,1
Clean_TlV_tehrTFs,15.5,1,1
Clean_TlV_tehrTFs,16.0,1,1
Clean_TlV_tehrTFs,16.0,1,1
Clean_TlV_tehrTFs,16.5,1,1
Clean_TlV_tehrTFs,16.5,1,1
Clean_TlV_tehrTFs,17.0,1,1
Clean_TlV_tehrTFs,17.0,0,1
Clean_TlV_tehrTFs,17.5,0,1
Clean_TlV_tehrTFs,17.5,0,1
Clean_TlV_tehrTFs,18.0,0,1
Clean_TlV_tehrTFs,18.0,1,1
Clean_TlV_tehrTFs,18.5,1,1
Clean_TlV_tehrTFs,18.5,1,1
Clean_TlV_tehrTFs,19.0,1,1
Clean_TlV_tehrTFs,19.0,1,1
Clean_TlV_tehrTFs,19.5,1,1
Clean_TlV_tehrTFs,19.5,1,1
Clean_TlV_tehrTFs,20.0,1,1
Clean_TlV_tehrTFs,20.0,1,1
Clean_TlV_tehrTFs,20.5,1,1
Clean_TlV_tehrTFs,20.5,0,1
Clean_TlV_tehrTFs,21.0,0,1
Clean_TlV_tehrTFs,21.0,0,1
Clean_TlV_tehrTFs,21.5,0,1
Clean_TlV_tehrTFs,21.5,1,1
Clean_TlV_tehrTFs,22.0,1,1
Clean_TlV_tehrTFs,22.0,1,1
Clean_TlV_tehrTFs,22.5,1,1
Clean_TlV_tehrTFs,22.5,1,1
Clean_TlV_tehrTFs,23.0,1,1
Clean_TlV_tehrTFs,23.0,1,1
Clean_TlV_tehrTFs,23.5,1,1
Clean_TlV_tehrTFs,23.5,1,1
Clean_TlV_tehrTFs,24.0,1,1
Clean_TlV_tehrTFs,24.0,1,1
Clean_TlV_tehrTFs,24.5,1,1
Clean_TlV_tehrTFs,24.5,1,1
Clean_TlV_tehrTFs,25.0,1,1
Clean_TlV_tehrTFs,25.0,0,1
Clean_TlV_tehrTFs,25.5,0,1
Clean_TlV_tehrTFs,25.5,0,1
Clean_TlV_tehrTFs,26.0,0,1
Clean_TlV_tehrTFs,26.0,1,1
Clean_TlV_tehrTFs,26.5,1,1
Clean_TlV_tehrTFs,26.5,1,1
Clean_TlV_tehrTFs,27.0,1,1
Clean_TlV_tehrTFs,27.0,1,1
Clean_TlV_tehrTFs,27.5,1,1
Clean_TlV_tehrTFs,27.5,1,1
Clean_TlV_tehrTFs,28.0,1,1
Clean_TlV_tehrTFs,28.0,1,1
Clean_TlV_tehrTFs,28.5,1,1
Clean_TlV_tehrTFs,28.5,1,1
Clean_TlV_tehrTFs,29.0,1,1
Clean_TlV_tehrTFs,29.0,0,1
Clean_TlV_tehrTFs,29.5,0,1
Clean_TlV_tehrTFs,29.5,0,1
Clean_TlV_tehrTFs,30.0,0,1
Clean_TlV_tehrTFs,30.0,1,1
Clean_TlV_tehrTFs,30.5,1,1
Clean_TlV_tehrTFs,30.5,1,1
Clean_TlV_tehrTFs,31.0,1,1
Clean_TlV_tehrTFs,31.0,1,1
Clean_TlV_tehrTFs,31.5,1,1
Clean_TlV_tehrTFs,31.5,1,1
Clean_TlV_tehrTFs,32.0,1,1
Clean_TlV_tehrTFs,32.0,0,1
Clean_TlV_tehrTFs,32.5,0,1
Clean_TlV_tehrTFs,32.5,1,1
Clean_TlV_tehrTFs,33.0,1,1
Clean_TlV_tehrTFs,33.0,1,1
Clean_TlV_tehrTFs,33.5,1,1
Clean_TlV_tehrTFs,33.5,1,1
Clean_TlV_tehrTFs,34.0,1,1
Clean_TlV_tehrTFs,34.0,1,1
Clean_TlV_tehrTFs,34.5,1,1
Clean_TlV_tehrTFs,34.5,0,1
Clean_TlV_tehrTFs,35.0,0,1
Clean_TlV_tehrTFs,35.0,1,1
Clean_TlV_tehrTFs,35.5,1,1
Clean_TlV_tehrTFs,35.5,1,1
Clean_TlV_tehrTFs,36.0,1,1
Clean_TlV_tehrTFs,36.0,1,1
Clean_TlV_tehrTFs,36.5,1,1
Clean_TlV_tehrTFs,36.5,1,1
Clean_TlV_tehrTFs,37.0,1,1
Clean_TlV_tehrTFs,37.0,1,1
Clean_TlV_tehrTFs,37.5,1,1
Clean_TlV_tehrTFs,37.5,1,1
Clean_TlV_tehrTFs,38.0,1,1
Clean_TlV_tehrTFs,38.0,1,1
Clean_TlV_tehrTFs,38.5,1,1
Clean_TlV_tehrTFs,38.5,1,1
Clean_TlV_tehrTFs,39.0,1,1
Clean_TlV_tehrTFs,39.0,1,1
Clean_TlV_tehrTFs,39.5,1,1
Clean_TlV_tehrTFs,39.5,1,1
Clean_TlV_tehrTFs,40.0,1,1
Clean_TlV_tehrTFs,40.0,1,1
Clean_TlV_tehrTFs,40.5,1,1
Clean_TlV_tehrTFs,40.5,1,1
Clean_TlV_tehrTFs,41.0,1,1
Clean_TlV_tehrTFs,41.0,1,1
Clean_TlV_tehrTFs,41.5,1,1
Clean_TlV_tehrTFs,41.5,1,1
Clean_TlV_tehrTFs,42.0,1,1
Clean_TlV_tehrTFs,42.0,1,1
Clean_TlV_tehrTFs,42.5,1,1
Clean_TlV_tehrTFs,42.5,1,1
Clean_TlV_tehrTFs,43.0,1,1
Clean_TlV_tehrTFs,43.0,1,1
Clean_TlV_tehrTFs,43.5,1,1
Clean_TlV_tehrTFs,43.5,1,1
Clean_TlV_tehrTFs,44.0,1,1
Clean_TlV_tehrTFs,44.0,0,1
Clean_TlV_tehrTFs,44.5,0,1
Clean_TlV_tehrTFs,44.5,1,1
Clean_TlV_tehrTFs,45.0,1,1
Clean_TlV_tehrTFs,45.0,1,1
Clean_TlV_tehrTFs,45.5,1,1
Clean_TlV_tehrTFs,45.5,1,1
Clean_TlV_tehrTFs,46.0,1,1
Clean_TlV_tehrTFs,46.0,1,1
Clean_TlV_tehrTFs,46.5,1,1
Clean_TlV_tehrTFs,46.5,1,1
Clean_TlV_tehrTFs,47.0,1,1
Clean_TlV_tehrTFs,47.0,1,1
Clean_TlV_tehrTFs,47.5,1,1
Clean_TlV_tehrTFs,47.5,0,1
Clean_TlV_tehrTFs,48.0,0,1
Clean_TlV_tehrTFs,48.0,1,1
Clean_TlV_tehrTFs,48.5,1,1
Clean_TlV_tehrTFs,48.5,1,1
Clean_TlV_tehrTFs,49.0,1,1
Clean_TlV_tehrTFs,49.0,1,1
Clean_TlV_tehrTFs,49.5,1,1
Clean_TlV_tehrTFs,49.5,0,1
Clean_TlV_tehrTFs,50.0,0,1
Clean_TlV_tehrTFs,50.0,1,1
Clean_TlV_tehrTFs,50.5,1,1
Clean_TlV_tehrTFs,50.5,1,1
Clean_TlV_tehrTFs,51.0,1,1
Clean_TlV_tehrTFs,51.0,1,1
Clean_TlV_tehrTFs,51.5,1,1
Clean_TlV_tehrTFs,51.5,1,1
Clean_TlV_tehrTFs,52.0,1,1
Clean_TlV_tehrTFs,52.0,1,1
Clean_TlV_tehrTFs,52.5,1,1
Clean_TlV_tehrTFs,52.5,1,1
Clean_TlV_tehrTFs,53.0,1,1
Clean_TlV_tehrTFs,53.0,1,1
Clean_TlV_tehrTFs,53.5,1,1
Clean_TlV_tehrTFs,53.5,1,1
Clean_TlV_tehrTFs,54.0,1,1
Clean_TlV_tehrTFs,54.0,1,1
Clean_TlV_tehrTFs,54.5,1,1
Clean_TlV_tehrTFs,54.5,0,1
Clean_TlV_tehrTFs,55.0,0,1
Clean_TlV_tehrTFs,55.0,0,1
Clean_TlV_tehrTFs,55.5,0,1
Clean_TlV_tehrTFs,55.5,1,1
Clean_TlV_tehrTFs,56.0,1,1
Clean_TlV_tehrTFs,56.0,1,1
Clean_TlV_tehrTFs,56.5,1,1
Clean_TlV_tehrTFs,56.5,1,1
Clean_TlV_tehrTFs,57.0,1,1
Clean_TlV_tehrTFs,57.0,1,1
Clean_TlV_tehrTFs,57.5,1,1
Clean_TlV_tehrTFs,57.5,1,1
Clean_TlV_tehrTFs,58.0,1,1
Clean_TlV_tehrTFs,58.0,1,1
Clean_TlV_tehrTFs,58.5,1,1
Clean_TlV_tehrTFs,58.5,0,1
Clean_TlV_tehrTFs,59.0,0,1
Clean_TlV_tehrTFs,59.0,1,1
Clean_TlV_tehrTFs,59.5,1,1
Clean_TlV_tehrTFs,59.5,1,1
Clean_TlV_tehrTFs,60.0,1,1
Clean_TlV_tehrTFs,60.0,1,1
Clean_TlV_tehrTFs,60.5,1,1
Clean_TlV_tehrTFs,60.5,1,1
Clean_TlV_tehrTFs,61.0,1,1
Clean_TlV_tehrTFs,61.0,1,1
Clean_TlV_tehrTFs,61.5,1,1
Clean_TlV_tehrTFs,61.5,1,1
Clean_TlV_tehrTFs,62.0,1,1
Clean_TlV_tehrTFs,62.0,1,1
Clean_TlV_tehrTFs,62.5,1,1
Clean_TlV_tehrTFs,62.5,1,1
Clean_TlV_tehrTFs,63.0,1,1
Clean_TlV_tehrTFs,63.0,1,1
Clean_TlV_tehrTFs,63.5,1,1
Clean_TlV_tehrTFs,63.5,1,1
Clean_TlV_tehrTFs,64.0,1,1
Clean_TlV_tehrTFs,64.0,1,1
Clean_TlV_tehrTFs,64.5,1,1
Clean_TlV_tehrTFs,64.5,0,1
Clean_TlV_tehrTFs,65.0,0,1
Clean_TlV_tehrTFs,65.0,1,1
Clean_TlV_tehrTFs,65.5,1,1
Clean_TlV_tehrTFs,65.5,1,1
Clean_TlV_tehrTFs,66.0,1,1
Clean_TlV_tehrTFs,66.0,1,1
Clean_TlV_tehrTFs,66.5,1,1
Clean_TlV_tehrTFs,66.5,1,1
Clean_TlV_tehrTFs,67.0,1,1
Clean_TlV_tehrTFs,67.0,0,1
Clean_TlV_tehrTFs,67.5,0,1
Clean_TlV_tehrTFs,67.5,1,1
Clean_TlV_tehrTFs,68.0,1,1
Clean_TlV_tehrTFs,68.0,1,1
Clean_TlV_tehrTFs,68.5,1,1
Clean_TlV_tehrTFs,68.5,1,1
Clean_TlV_tehrTFs,69.0,1,1
Clean_TlV_tehrTFs,69.0,1,1
Clean_TlV_tehrTFs,69.5,1,1
Clean_TlV_tehrTFs,69.5,1,1
Clean_TlV_tehrTFs,70.0,1,1
Clean_TlV_tehrTFs,70.0,1,1
Clean_TlV_tehrTFs,70.5,1,1
Clean_TlV_tehrTFs,70.5,1,1
Clean_TlV_tehrTFs,71.0,1,1
Clean_TlV_tehrTFs,71.0,1,1
Clean_TlV_tehrTFs,71.5,1,1
Clean_TlV_tehrTFs,71.5,0,1
Clean_TlV_tehrTFs,72.0,0,1
Clean_TlV_tehrTFs,72.0,1,1
Clean_TlV_tehrTFs,72.5,1,1
Clean_TlV_tehrTFs,72.5,1,1
Clean_TlV_tehrTFs,73.0,1,1
Clean_TlV_tehrTFs,73.0,0,1
Clean_TlV_tehrTFs,73.5,0,1
Clean_TlV_tehrTFs,73.5,1,1
Clean_TlV_tehrTFs,74.0,1,1
Clean_TlV_tehrTFs,74.0,1,1
Clean_TlV_tehrTFs,74.5,1,1
Clean_TlV_tehrTFs,74.5,1,1
Clean_TlV_tehrTFs,75.0,1,1
Clean_TlV_tehrTFs,75.0,1,1
Clean_TlV_tehrTFs,75.5,1,1
Clean_TlV_tehrTFs,75.5,1,1
Clean_TlV_tehrTFs,76.0,1,1
Clean_TlV_tehrTFs,76.0,1,1
Clean_TlV_tehrTFs,76.5,1,1
Clean_TlV_tehrTFs,76.5,1,1
Clean_TlV_tehrTFs,77.0,1,1
Clean_TlV_tehrTFs,77.0,1,1
Clean_TlV_tehrTFs,77.5,1,1
Clean_TlV_tehrTFs,77.5,1,1
Clean_TlV_tehrTFs,78.0,1,1
Clean_TlV_tehrTFs,78.0,1,1
Clean_TlV_tehrTFs,78.5,1,1
Clean_TlV_tehrTFs,78.5,1,1
Clean_TlV_tehrTFs,79.0,1,1
Clean_TlV_tehrTFs,79.0,1,1
Clean_TlV_tehrTFs,79.5,1,1
Clean_TlV_tehrTFs,79.5,1,1
Clean_TlV_tehrTFs,80.0,1,1
Clean_TlV_tehrTFs,80.0,0,1
Clean_TlV_tehrTFs,80.5,0,1
Clean_TlV_tehrTFs,80.5,1,1
Clean_TlV_tehrTFs,81.0,1,1
Clean_TlV_tehrTFs,81.0,1,1
Clean_TlV_tehrTFs,81.5,1,1
Clean_TlV_tehrTFs,81.5,1,1
Clean_TlV_tehrTFs,82.0,1,1
Clean_TlV_tehrTFs,82.0,1,1
Clean_TlV_tehrTFs,82.5,1,1
Clean_TlV_tehrTFs,82.5,1,1
Clean_TlV_tehrTFs,83.0,1,1
Clean_TlV_tehrTFs,83.0,1,1
Clean_TlV_tehrTFs,83.5,1,1
Clean_TlV_tehrTFs,83.5,1,1
Clean_TlV_tehrTFs,84.0,1,1
Clean_TlV_tehrTFs,84.0,1,1
Clean_TlV_tehrTFs,84.5,1,1
Clean_TlV_tehrTFs,84.5,1,1
Clean_TlV_tehrTFs,85.0,1,1
Clean_TlV_tehrTFs,85.0,0,1
Clean_TlV_tehrTFs,85.5,0,1
Clean_TlV_tehrTFs,85.5,0,1
Clean_TlV_tehrTFs,86.0,0,1
Clean_TlV_tehrTFs,86.0,1,1
Clean_TlV_tehrTFs,86.5,1,1
Clean_TlV_tehrTFs,86.5,1,1
Clean_TlV_tehrTFs,87.0,1,1
Clean_TlV_tehrTFs,87.0,1,1
Clean_TlV_tehrTFs,87.5,1,1
Clean_TlV_tehrTFs,87.5,1,1
Clean_TlV_tehrTFs,88.0,1,1
Clean_TlV_tehrTFs,88.0,1,1
Clean_TlV_tehrTFs,88.5,1,1
Clean_TlV_tehrTFs,88.5,1,1
Clean_TlV_tehrTFs,89.0,1,1
Clean_TlV_tehrTFs,89.0,1,1
Clean_TlV_tehrTFs,89.5,1,1
Clean_TlV_tehrTFs,89.5,0,1
Clean_TlV_tehrTFs,90.0,0,1
Clean_TlV_tehrTFs,90.0,0,1
Clean_TlV_tehrTFs,90.5,0,1
Clean_TlV_tehrTFs,90.5,1,1
Clean_TlV_tehrTFs,91.0,1,1
Clean_TlV_tehrTFs,91.0,1,1
Clean_TlV_tehrTFs,91.5,1,1
Clean_TlV_tehrTFs,91.5,0,1
Clean_TlV_tehrTFs,92.0,0,1
Clean_TlV_tehrTFs,92.0,1,1
Clean_TlV_tehrTFs,92.5,1,1
Clean_TlV_tehrTFs,92.5,1,1
Clean_TlV_tehrTFs,93.0,1,1
Clean_TlV_tehrTFs,93.0,1,1
Clean_TlV_tehrTFs,93.5,1,1
Clean_TlV_tehrTFs,93.5,1,1
Clean_TlV_tehrTFs,94.0,1,1
Clean_TlV_tehrTFs,94.0,1,1
Clean_TlV_tehrTFs,94.5,1,1
Clean_TlV_tehrTFs,94.5,1,1
Clean_TlV_tehrTFs,95.0,1,1
Clean_TlV_tehrTFs,95.0,1,1
Clean_TlV_tehrTFs,95.5,1,1
Clean_TlV_tehrTFs,95.5,1,1
Clean_TlV_tehrTFs,96.0,1,1
Clean_TlV_tehrTFs,96.0,1,1
Clean_TlV_tehrTFs,96.5,1,1
Clean_TlV_tehrTFs,96.5,1,1
Clean_TlV_tehrTFs,97.0,1,1
Clean_TlV_tehrTFs,97.0,1,1
Clean_TlV_tehrTFs,97.5,1,1
Clean_TlV_tehrTFs,97.5,1,1
Clean_TlV_tehrTFs,98.0,1,1
Clean_TlV_tehrTFs,98.0,0,1
Clean_TlV_tehrTFs,98.5,0,1
Clean_TlV_tehrTFs,98.5,1,1
Clean_TlV_tehrTFs,99.0,1,1
Clean_TlV_tehrTFs,99.0,1,1
Clean_TlV_tehrTFs,99.5,1,1
Clean_TlV_tehrTFs,99.5,1,1
Clean_TlV_tehrTFs,100.0,1,1
Clean_TlV_tehrTFs,100.0,1,1
Clean_TlV_tehrTFs,100.5,1,1
Clean_TlV_tehrTFs,100.5,1,1
Clean_TlV_tehrTFs,101.0,1,1
Clean_TlV_tehrTFs,101.0,1,1
Clean_TlV_tehrTFs,101.5,1,1
Clean_TlV_tehrTFs,101.5,1,1
Clean_TlV_tehrTFs,102.0,1,1
Clean_TlV_tehrTFs,102.0,1,1
Clean_TlV_tehrTFs,102.5,1,1
Clean_TlV_tehrTFs,102.5,1,1
Clean_TlV_tehrTFs,103.0,1,1
Clean_TlV_tehrTFs,103.0,1,1
Clean_TlV_tehrTFs,103.5,1,1
Clean_TlV_tehrTFs,103.5,1,1
Clean_TlV_tehrTFs,104.0,1,1
Clean_TlV_tehrTFs,104.0,1,1
Clean_TlV_tehrTFs,104.5,1,1
Clean_TlV_tehrTFs,104.5,1,1
Clean_TlV_tehrTFs,105.0,1,1
Clean_TlV_tehrTFs,105.0,1,1
Clean_TlV_tehrTFs,105.5,1,1
Clean_TlV_tehrTFs,105.5,1,1
Clean_TlV_tehrTFs,106.0,1,1
Clean_TlV_tehrTFs,106.0,0,1
Clean_TlV_tehrTFs,106.5,0,1
Clean_TlV_tehrTFs,106.5,1,1
Clean_TlV_tehrTFs,107.0,1,1
Clean_TlV_tehrTFs,107.0,1,1
Clean_TlV_tehrTFs,107.5,1,1
Clean_TlV_tehrTFs,107.5,1,1
Clean_TlV_tehrTFs,108.0,1,1
Clean_TlV_tehrTFs,108.0,1,1
Clean_TlV_tehrTFs,108.5,1,1
Clean_TlV_tehrTFs,108.5,1,1
Clean_TlV_tehrTFs,109.0,1,1
Clean_TlV_tehrTFs,109.0,1,1
Clean_TlV_tehrTFs,109.5,1,1
Clean_TlV_tehrTFs,109.5,1,1
Clean_TlV_tehrTFs,110.0,1,1
Clean_TlV_tehrTFs,110.0,1,1
Clean_TlV_tehrTFs,110.5,1,1
Clean_TlV_tehrTFs,110.5,1,1
Clean_TlV_tehrTFs,111.0,1,1
Clean_TlV_tehrTFs,111.0,1,1
Clean_TlV_tehrTFs,111.5,1,1
Clean_TlV_tehrTFs,111.5,1,1
Clean_TlV_tehrTFs,112.0,1,1
Clean_TlV_tehrTFs,112.0,1,1
Clean_TlV_tehrTFs,112.5,1,1
Clean_TlV_tehrTFs,112.5,1,1
Clean_TlV_tehrTFs,113.0,1,1
Clean_TlV_tehrTFs,113.0,0,1
Clean_TlV_tehrTFs,113.5,0,1
Clean_TlV_tehrTFs,113.5,0,1
Clean_TlV_tehrTFs,114.0,0,1
Clean_TlV_tehrTFs,114.0,1,1
Clean_TlV_tehrTFs,114.5,1,1
Clean_TlV_tehrTFs,114.5,1,1
Clean_TlV_tehrTFs,115.0,1,1
Clean_TlV_tehrTFs,115.0,1,1
Clean_TlV_tehrTFs,115.5,1,1
Clean_TlV_tehrTFs,115.5,1,1
Clean_TlV_tehrTFs,116.0,1,1
Clean_TlV_tehrTFs,116.0,1,1
Clean_TlV_tehrTFs,116.5,1,1
Clean_TlV_tehrTFs,116.5,1,1
Clean_TlV_tehrTFs,117.0,1,1
Clean_TlV_tehrTFs,117.0,1,1
Clean_TlV_tehrTFs,117.5,1,1
Clean_TlV_tehrTFs,117.5,1,1
Clean_TlV_tehrTFs,118.0,1,1
Clean_TlV_tehrTFs,118.0,1,1
Clean_TlV_tehrTFs,118.5,1,1
Clean_TlV_tehrTFs,118.5,0,1
Clean_TlV_tehrTFs,119.0,0,1
Clean_TlV_tehrTFs,119.0,1,1
Clean_TlV_tehrTFs,119.5,1,1
Clean_TlV_tehrTFs,119.5,1,1
Clean_TlV_tehrTFs,120.0,1,1
Music_nb8CnIo_-_A,0.0,0,0
Music_nb8CnIo_-_A,0.5,0,0
Music_nb8CnIo_-_A,0.5,0,0
Music_nb8CnIo_-_A,1.0,0,0
Music_nb8CnIo_-_A,1.0,0,0
Music_nb8CnIo_-_A,1.5,0,0
Music_nb8CnIo_-_A,1.5,0,0
Music_nb8CnIo_-_A,2.0,0,0
Music_nb8CnIo_-_A,2.0,0,0
Music_nb8CnIo_-_A,2.5,0,0
Music_nb8CnIo_-_A,2.5,0,0
Music_nb8CnIo_-_A,3.0,0,0
Music_nb8CnIo_-_A,3.0,0,0
Music_nb8CnIo_-_A,3.5,0,0
Music_nb8CnIo_-_A,3.5,0,0
Music_nb8CnIo_-_A,4.0,0,0
Music_nb8CnIo_-_A,4.0,0,0
Music_nb8CnIo_-_A,4.5,0,0
Music_nb8CnIo_-_A,4.5,0,0
Music_nb8CnIo_-_A,5.0,0,0
Music_nb8CnIo_-_A,5.0,0,0
Music_nb8CnIo_-_A,5.5,0,0
Music_nb8CnIo_-_A,5.5,0,0
Music_nb8CnIo_-_A,6.0,0,0
Music_nb8CnIo_-_A,6.0,0,0
Music_nb8CnIo_-_A,6.5,0,0
Music_nb8CnIo_-_A,6.5,0,1
Music_nb8CnIo_-_A,7.0,0,1
Music_nb8CnIo_-_A,7.0,0,0
Music_nb8CnIo_-_A,7.5,0,0
Music_nb8CnIo_-_A,7.5,0,0
Music_nb8CnIo_-_A,8.0,0,0
Music_nb8CnIo_-_A,8.0,0,0
Music_nb8CnIo_-_A,8.5,0,0
Music_nb8CnIo_-_A,8.5,0,0
Music_nb8CnIo_-_A,9.0,0,0
Music_nb8CnIo_-_A,9.0,0,0
Music_nb8CnIo_-_A,9.5,0,0
Music_nb8CnIo_-_A,9.5,0,1
Music_nb8CnIo_-_A,10.0,0,1
Music_nb8CnIo_-_A,10.0,0,1
Music_nb8CnIo_-_A,10.5,0,1
Music_nb8CnIo_-_A,10.5,0,1
Music_nb8CnIo_-_A,11.0,0,1
Music_nb8CnIo_-_A,11.0,1,1
Music_nb8CnIo_-_A,11.5,1,1
Music_nb8CnIo_-_A,11.5,1,1
Music_nb8CnIo_-_A,12.0,1,1
Music_nb8CnIo_-_A,12.0,1,1
Music_nb8CnIo_-_A,12.5,1,1
Music_nb8CnIo_-_A,12.5,1,1
Music_nb8CnIo_-_A,13.0,1,1
Music_nb8CnIo_-_A,13.0,1,1
Music_nb8CnIo_-_A,13.5,1,1
Music_nb8CnIo_-_A,13.5,1,1
Music_nb8CnIo_-_A,14.0,1,1
Music_nb8CnIo_-_A,14.0,1,1
Music_nb8CnIo_-_A,14.5,1,1
Music_nb8CnIo_-_A,14.5,1,1
Music_nb8CnIo_-_A,15.0,1,1
Music_nb8CnIo_-_A,15.0,1,1
Music_nb8CnIo_-_A,15.5,1,1
Music_nb8CnIo_-_A,15.5,1,1
Music_nb8CnIo_-_A,16.0,1,1
Music_nb8CnIo_-_A,16.0,1,1
Music_nb8CnIo_-_A,16.5,1,1
Music_nb8CnIo_-_A,16.5,1,1
Music_nb8CnIo_-_A,17.0,1,1
Music_nb8CnIo_-_A,17.0,1,1
Music_nb8CnIo_-_A,17.5,1,1
Music_nb8CnIo_-_A,17.5,1,1
Music_nb8CnIo_-_A,18.0,1,1
Music_nb8CnIo_-_A,18.0,1,1
Music_nb8CnIo_-_A,18.5,1,1
Music_nb8CnIo_-_A,18.5,1,1
Music_nb8CnIo_-_A,19.0,1,1
Music_nb8CnIo_-_A,19.0,1,1
Music_nb8CnIo_-_A,19.5,1,1
Music_nb8CnIo_-_A,19.5,1,1
Music_nb8CnIo_-_A,20.0,1,1
Music_nb8CnIo_-_A,20.0,0,1
Music_nb8CnIo_-_A,20.5,0,1
Music_nb8CnIo_-_A,20.5,0,1
Music_nb8CnIo_-_A,21.0,0,1
Music_nb8CnIo_-_A,21.0,0,1
Music_nb8CnIo_-_A,21.5,0,1
Music_nb8CnIo_-_A,21.5,0,1
Music_nb8CnIo_-_A,22.0,0,1
Music_nb8CnIo_-_A,22.0,0,1
Music_nb8CnIo_-_A,22.5,0,1
Music_nb8CnIo_-_A,22.5,1,1
Music_nb8CnIo_-_A,23.0,1,1
Music_nb8CnIo_-_A,23.0,1,1
Music_nb8CnIo_-_A,23.5,1,1
Music_nb8CnIo_-_A,23.5,1,1
Music_nb8CnIo_-_A,24.0,1,1
Music_nb8CnIo_-_A,24.0,1,1
Music_nb8CnIo_-_A,24.5,1,1
Music_nb8CnIo_-_A,24.5,1,1
Music_nb8CnIo_-_A,25.0,1,1
Music_nb8CnIo_-_A,25.0,1,1
Music_nb8CnIo_-_A,25.5,1,1
Music_nb8CnIo_-_A,25.5,1,1
Music_nb8CnIo_-_A,26.0,1,1
Music_nb8CnIo_-_A,26.0,1,1
Music_nb8CnIo_-_A,26.5,1,1
Music_nb8CnIo_-_A,26.5,1,1
Music_nb8CnIo_-_A,27.0,1,1
Music_nb8CnIo_-_A,27.0,1,1
Music_nb8CnIo_-_A,27.5,1,1
Music_nb8CnIo_-_A,27.5,1,1
Music_nb8CnIo_-_A,28.0,1,1
Music_nb8CnIo_-_A,28.0,1,1
Music_nb8CnIo_-_A,28.5,1,1
Music_nb8CnIo_-_A,28.5,1,1
Music_nb8CnIo_-_A,29.0,1,1
Music_nb8CnIo_-_A,29.0,1,1
Music_nb8CnIo_-_A,29.5,1,1
Music_nb8CnIo_-_A,29.5,0,1
Music_nb8CnIo_-_A,30.0,0,1
Music_nb8CnIo_-_A,30.0,0,1
Music_nb8CnIo_-_A,30.5,0,1
Music_nb8CnIo_-_A,30.5,0,1
Music_nb8CnIo_-_A,31.0,0,1
Music_nb8CnIo_-_A,31.0,0,1
Music_nb8CnIo_-_A,31.5,0,1
Music_nb8CnIo_-_A,31.5,0,1
Music_nb8CnIo_-_A,32.0,0,1
Music_nb8CnIo_-_A,32.0,0,1
Music_nb8CnIo_-_A,32.5,0,1
Music_nb8CnIo_-_A,32.5,0,1
Music_nb8CnIo_-_A,33.0,0,1
Music_nb8CnIo_-_A,33.0,0,1
Music_nb8CnIo_-_A,33.5,0,1
Music_nb8CnIo_-_A,33.5,0,1
Music_nb8CnIo_-_A,34.0,0,1
Music_nb8CnIo_-_A,34.0,0,1
Music_nb8CnIo_-_A,34.5,0,1
Music_nb8CnIo_-_A,34.5,0,1
Music_nb8CnIo_-_A,35.0,0,1
Music_nb8CnIo_-_A,35.0,0,1
Music_nb8CnIo_-_A,35.5,0,1
Music_nb8CnIo_-_A,35.5,1,1
Music_nb8CnIo_-_A,36.0,1,1
Music_nb8CnIo_-_A,36.0,1,1
Music_nb8CnIo_-_A,36.5,1,1
Music_nb8CnIo_-_A,36.5,1,1
Music_nb8CnIo_-_A,37.0,1,1
Music_nb8CnIo_-_A,37.0,1,1
Music_nb8CnIo_-_A,37.5,1,1
Music_nb8CnIo_-_A,37.5,1,1
Music_nb8CnIo_-_A,38.0,1,1
Music_nb8CnIo_-_A,38.0,1,1
Music_nb8CnIo_-_A,38.5,1,1
Music_nb8CnIo_-_A,38.5,1,1
Music_nb8CnIo_-_A,39.0,1,1
Music_nb8CnIo_-_A,39.0,1,1
Music_nb8CnIo_-_A,39.5,1,1
Music_nb8CnIo_-_A,39.5,1,1
Music_nb8CnIo_-_A,40.0,1,1
Music_nb8CnIo_-_A,40.0,1,1
Music_nb8CnIo_-_A,40.5,1,1
Music_nb8CnIo_-_A,40.5,1,1
Music_nb8CnIo_-_A,41.0,1,1
Music_nb8CnIo_-_A,41.0,1,1
Music_nb8CnIo_-_A,41.5,1,1
Music_nb8CnIo_-_A,41.5,1,1
Music_nb8CnIo_-_A,42.0,1,1
Music_nb8CnIo_-_A,42.0,1,1
Music_nb8CnIo_-_A,42.5,1,1
Music_nb8CnIo_-_A,42.5,1,1
Music_nb8CnIo_-_A,43.0,1,1
Music_nb8CnIo_-_A,43.0,1,1
Music_nb8CnIo_-_A,43.5,1,1
Music_nb8CnIo_-_A,43.5,1,1
Music_nb8CnIo_-_A,44.0,1,1
Music_nb8CnIo_-_A,44.0,1,1
Music_nb8CnIo_-_A,44.5,1,1
Music_nb8CnIo_-_A,44.5,1,1
Music_nb8CnIo_-_A,45.0,1,1
Music_nb8CnIo_-_A,45.0,1,1
Music_nb8CnIo_-_A,45.5,1,1
Music_nb8CnIo_-_A,45.5,1,1
Music_nb8CnIo_-_A,46.0,1,1
Music_nb8CnIo_-_A,46.0,0,1
Music_nb8CnIo_-_A,46.5,0,1
Music_nb8CnIo_-_A,46.5,0,1
Music_nb8CnIo_-_A,47.0,0,1
Music_nb8CnIo_-_A,47.0,1,1
Music_nb8CnIo_-_A,47.5,1,1
Music_nb8CnIo_-_A,47.5,1,1
Music_nb8CnIo_-_A,48.0,1,1
Music_nb8CnIo_-_A,48.0,1,1
Music_nb8CnIo_-_A,48.5,1,1
Music_nb8CnIo_-_A,48.5,1,1
Music_nb8CnIo_-_A,49.0,1,1
Music_nb8CnIo_-_A,49.0,1,1
Music_nb8CnIo_-_A,49.5,1,1
Music_nb8CnIo_-_A,49.5,1,1
Music_nb8CnIo_-_A,50.0,1,1
Music_nb8CnIo_-_A,50.0,1,1
Music_nb8CnIo_-_A,50.5,1,1
Music_nb8CnIo_-_A,50.5,1,1
Music_nb8CnIo_-_A,51.0,1,1
Music_nb8CnIo_-_A,51.0,1,1
Music_nb8CnIo_-_A,51.5,1,1
Music_nb8CnIo_-_A,51.5,1,1
Music_nb8CnIo_-_A,52.0,1,1
Music_nb8CnIo_-_A,52.0,1,1
Music_nb8CnIo_-_A,52.5,1,1
Music_nb8CnIo_-_A,52.5,1,1
Music_nb8CnIo_-_A,53.0,1,1
Music_nb8CnIo_-_A,53.0,1,1
Music_nb8CnIo_-_A,53.5,1,1
Music_nb8CnIo_-_A,53.5,1,1
Music_nb8CnIo_-_A,54.0,1,1
Music_nb8CnIo_-_A,54.0,1,1
Music_nb8CnIo_-_A,54.5,1,1
Music_nb8CnIo_-_A,54.5,1,1
Music_nb8CnIo_-_A,55.0,1,1
Music_nb8CnIo_-_A,55.0,1,1
Music_nb8CnIo_-_A,55.5,1,1
Music_nb8CnIo_-_A,55.5,1,1
Music_nb8CnIo_-_A,56.0,1,1
Music_nb8CnIo_-_A,56.0,1,1
Music_nb8CnIo_-_A,56.5,1,1
Music_nb8CnIo_-_A,56.5,1,1
Music_nb8CnIo_-_A,57.0,1,1
Music_nb8CnIo_-_A,57.0,1,1
Music_nb8CnIo_-_A,57.5,1,1
Music_nb8CnIo_-_A,57.5,1,1
Music_nb8CnIo_-_A,58.0,1,1
Music_nb8CnIo_-_A,58.0,1,1
Music_nb8CnIo_-_A,58.5,1,1
Music_nb8CnIo_-_A,58.5,1,1
Music_nb8CnIo_-_A,59.0,1,1
Music_nb8CnIo_-_A,59.0,1,1
Music_nb8CnIo_-_A,59.5,1,1
Music_nb8CnIo_-_A,59.5,1,1
Music_nb8CnIo_-_A,60.0,1,1
Music_nb8CnIo_-_A,60.0,1,1
Music_nb8CnIo_-_A,60.5,1,1
Music_nb8CnIo_-_A,60.5,1,1
Music_nb8CnIo_-_A,61.0,1,1
Music_nb8CnIo_-_A,61.0,1,1
Music_nb8CnIo_-_A,61.5,1,1
Music_nb8CnIo_-_A,61.5,1,1
Music_nb8CnIo_-_A,62.0,1,1
Music_nb8CnIo_-_A,62.0,1,1
Music_nb8CnIo_-_A,62.5,1,1
Music_nb8CnIo_-_A,62.5,1,1
Music_nb8CnIo_-_A,63.0,1,1
Music_nb8CnIo_-_A,63.0,1,1
Music_nb8CnIo_-_A,63.5,1,1
Music_nb8CnIo_-_A,63.5,1,1
Music_nb8CnIo_-_A,64.0,1,1
Music_nb8CnIo_-_A,64.0,1,1
Music_nb8CnIo_-_A,64.5,1,1
Music_nb8CnIo_-_A,64.5,1,1
Music_nb8CnIo_-_A,65.0,1,1
Music_nb8CnIo_-_A,65.0,1,1
Music_nb8CnIo_-_A,65.5,1,1
Music_nb8CnIo_-_A,65.5,1,1
Music_nb8CnIo_-_A,66.0,1,1
Music_nb8CnIo_-_A,66.0,1,1
Music_nb8CnIo_-_A,66.5,1,1
Music_nb8CnIo_-_A,66.5,1,1
Music_nb8CnIo_-_A,67.0,1,1
Music_nb8CnIo_-_A,67.0,1,1
Music_nb8CnIo_-_A,67.5,1,1
Music_nb8CnIo_-_A,67.5,1,1
Music_nb8CnIo_-_A,68.0,1,1
Music_nb8CnIo_-_A,68.0,1,1
Music_nb8CnIo_-_A,68.5,1,1
Music_nb8CnIo_-_A,68.5,1,1
Music_nb8CnIo_-_A,69.0,1,1
Music_nb8CnIo_-_A,69.0,1,1
Music_nb8CnIo_-_A,69.5,1,1
Music_nb8CnIo_-_A,69.5,1,1
Music_nb8CnIo_-_A,70.0,1,1
Music_nb8CnIo_-_A,70.0,1,1
Music_nb8CnIo_-_A,70.5,1,1
Music_nb8CnIo_-_A,70.5,1,1
Music_nb8CnIo_-_A,71.0,1,1
Music_nb8CnIo_-_A,71.0,1,1
Music_nb8CnIo_-_A,71.5,1,1
Music_nb8CnIo_-_A,71.5,1,1
Music_nb8CnIo_-_A,72.0,1,1
Music_nb8CnIo_-_A,72.0,1,1
Music_nb8CnIo_-_A,72.5,1,1
Music_nb8CnIo_-_A,72.5,1,1
Music_nb8CnIo_-_A,73.0,1,1
Music_nb8CnIo_-_A,73.0,1,1
Music_nb8CnIo_-_A,73.5,1,1
Music_nb8CnIo_-_A,73.5,1,1
Music_nb8CnIo_-_A,74.0,1,1
Music_nb8CnIo_-_A,74.0,1,1
Music_nb8CnIo_-_A,74.5,1,1
Music_nb8CnIo_-_A,74.5,1,1
Music_nb8CnIo_-_A,75.0,1,1
Music_nb8CnIo_-_A,75.0,1,1
Music_nb8CnIo_-_A,75.5,1,1
Music_nb8CnIo_-_A,75.5,1,1
Music_nb8CnIo_-_A,76.0,1,1
Music_nb8CnIo_-_A,76.0,1,1
Music_nb8CnIo_-_A,76.5,1,1
Music_nb8CnIo_-_A,76.5,1,1
Music_nb8CnIo_-_A,77.0,1,1
Music_nb8CnIo_-_A,77.0,1,1
Music_nb8CnIo_-_A,77.5,1,1
Music_nb8CnIo_-_A,77.5,1,1
Music_nb8CnIo_-_A,78.0,1,1
Music_nb8CnIo_-_A,78.0,1,1
Music_nb8CnIo_-_A,78.5,1,1
Music_nb8CnIo_-_A,78.5,1,1
Music_nb8CnIo_-_A,79.0,1,1
Music_nb8CnIo_-_A,79.0,1,1
Music_nb8CnIo_-_A,79.5,1,1
Music_nb8CnIo_-_A,79.5,1,1
Music_nb8CnIo_-_A,80.0,1,1
Music_nb8CnIo_-_A,80.0,1,1
Music_nb8CnIo_-_A,80.5,1,1
Music_nb8CnIo_-_A,80.5,1,1
Music_nb8CnIo_-_A,81.0,1,1
Music_nb8CnIo_-_A,81.0,1,1
Music_nb8CnIo_-_A,81.5,1,1
Music_nb8CnIo_-_A,81.5,1,1
Music_nb8CnIo_-_A,82.0,1,1
Music_nb8CnIo_-_A,82.0,1,1
Music_nb8CnIo_-_A,82.5,1,1
Music_nb8CnIo_-_A,82.5,1,1
Music_nb8CnIo_-_A,83.0,1,1
Music_nb8CnIo_-_A,83.0,0,1
Music_nb8CnIo_-_A,83.5,0,1
Music_nb8CnIo_-_A,83.5,0,1
Music_nb8CnIo_-_A,84.0,0,1
Music_nb8CnIo_-_A,84.0,0,1
Music_nb8CnIo_-_A,84.5,0,1
Music_nb8CnIo_-_A,84.5,0,1
Music_nb8CnIo_-_A,85.0,0,1
Music_nb8CnIo_-_A,85.0,0,1
Music_nb8CnIo_-_A,85.5,0,1
Music_nb8CnIo_-_A,85.5,1,1
Music_nb8CnIo_-_A,86.0,1,1
Music_nb8CnIo_-_A,86.0,1,1
Music_nb8CnIo_-_A,86.5,1,1
Music_nb8CnIo_-_A,86.5,1,1
Music_nb8CnIo_-_A,87.0,1,1
Music_nb8CnIo_-_A,87.0,1,1
Music_nb8CnIo_-_A,87.5,1,1
Music_nb8CnIo_-_A,87.5,1,1
Music_nb8CnIo_-_A,88.0,1,1
Music_nb8CnIo_-_A,88.0,1,1
Music_nb8CnIo_-_A,88.5,1,1
Music_nb8CnIo_-_A,88.5,1,1
Music_nb8CnIo_-_A,89.0,1,1
Music_nb8CnIo_-_A,89.0,1,1
Music_nb8CnIo_-_A,89.5,1,1
Music_nb8CnIo_-_A,89.5,1,1
Music_nb8CnIo_-_A,90.0,1,1
Music_nb8CnIo_-_A,90.0,1,1
Music_nb8CnIo_-_A,90.5,1,1
Music_nb8CnIo_-_A,90.5,1,1
Music_nb8CnIo_-_A,91.0,1,1
Music_nb8CnIo_-_A,91.0,1,1
Music_nb8CnIo_-_A,91.5,1,1
Music_nb8CnIo_-_A,91.5,1,1
Music_nb8CnIo_-_A,92.0,1,1
Music_nb8CnIo_-_A,92.0,1,1
Music_nb8CnIo_-_A,92.5,1,1
Music_nb8CnIo_-_A,92.5,0,1
Music_nb8CnIo_-_A,93.0,0,1
Music_nb8CnIo_-_A,93.0,0,1
Music_nb8CnIo_-_A,93.5,0,1
Music_nb8CnIo_-_A,93.5,0,1
Music_nb8CnIo_-_A,94.0,0,1
Music_nb8CnIo_-_A,94.0,0,1
Music_nb8CnIo_-_A,94.5,0,1
Music_nb8CnIo_-_A,94.5,0,1
Music_nb8CnIo_-_A,95.0,0,1
Music_nb8CnIo_-_A,95.0,0,1
Music_nb8CnIo_-_A,95.5,0,1
Music_nb8CnIo_-_A,95.5,0,1
Music_nb8CnIo_-_A,96.0,0,1
Music_nb8CnIo_-_A,96.0,0,1
Music_nb8CnIo_-_A,96.5,0,1
Music_nb8CnIo_-_A,96.5,0,1
Music_nb8CnIo_-_A,97.0,0,1
Music_nb8CnIo_-_A,97.0,0,0
Music_nb8CnIo_-_A,97.5,0,0
Music_nb8CnIo_-_A,97.5,0,0
Music_nb8CnIo_-_A,98.0,0,0
Music_nb8CnIo_-_A,98.0,0,0
Music_nb8CnIo_-_A,98.5,0,0
Music_nb8CnIo_-_A,98.5,0,0
Music_nb8CnIo_-_A,99.0,0,0
Music_nb8CnIo_-_A,99.0,0,0
Music_nb8CnIo_-_A,99.5,0,0
Noise_2kVf_qNfblQ,0.0,0,0
Noise_2kVf_qNfblQ,0.5,0,0
Noise_2kVf_qNfblQ,0.5,0,0
Noise_2kVf_qNfblQ,1.0,0,0
Noise_2kVf_qNfblQ,1.0,0,0
Noise_2kVf_qNfblQ,1.5,0,0
Noise_2kVf_qNfblQ,1.5,0,0
Noise_2kVf_qNfblQ,2.0,0,0
Noise_2kVf_qNfblQ,2.0,0,0
Noise_2kVf_qNfblQ,2.5,0,0
Noise_2kVf_qNfblQ,2.5,0,0
Noise_2kVf_qNfblQ,3.0,0,0
Noise_2kVf_qNfblQ,3.0,0,1
Noise_2kVf_qNfblQ,3.5,0,1
Noise_2kVf_qNfblQ,3.5,0,1
Noise_2kVf_qNfblQ,4.0,0,1
Noise_2kVf_qNfblQ,4.0,0,0
Noise_2kVf_qNfblQ,4.5,0,0
Noise_2kVf_qNfblQ,4.5,0,0
Noise_2kVf_qNfblQ,5.0,0,0
Noise_2kVf_qNfblQ,5.0,0,0
Noise_2kVf_qNfblQ,5.5,0,0
Noise_2kVf_qNfblQ,5.5,0,1
Noise_2kVf_qNfblQ,6.0,0,1
Noise_2kVf_qNfblQ,6.0,0,1
Noise_2kVf_qNfblQ,6.5,0,1
Noise_2kVf_qNfblQ,6.5,0,1
Noise_2kVf_qNfblQ,7.0,0,1
Noise_2kVf_qNfblQ,7.0,0,1
Noise_2kVf_qNfblQ,7.5,0,1
Noise_2kVf_qNfblQ,7.5,0,1
Noise_2kVf_qNfblQ,8.0,0,1
Noise_2kVf_qNfblQ,8.0,0,1
Noise_2kVf_qNfblQ,8.5,0,1
Noise_2kVf_qNfblQ,8.5,0,1
Noise_2kVf_qNfblQ,9.0,0,1
Noise_2kVf_qNfblQ,9.0,0,0
Noise_2kVf_qNfblQ,9.5,0,0
Noise_2kVf_qNfblQ,9.5,0,0
Noise_2kVf_qNfblQ,10.0,0,0
Noise_2kVf_qNfblQ,10.0,0,0
Noise_2kVf_qNfblQ,10.5,0,0
Noise_2kVf_qNfblQ,10.5,0,0
Noise_2kVf_qNfblQ,11.0,0,0
Noise_2kVf_qNfblQ,11.0,0,0
Noise_2kVf_qNfblQ,11.5,0,0
Noise_2kVf_qNfblQ,11.5,0,0
Noise_2kVf_qNfblQ,12.0,0,0
Noise_2kVf_qNfblQ,12.0,0,0
Noise_2kVf_qNfblQ,12.5,0,0
Noise_2kVf_qNfblQ,12.5,0,0
Noise_2kVf_qNfblQ,13.0,0,0
Noise_2kVf_qNfblQ,13.0,0,1
Noise_2kVf_qNfblQ,13.5,0,1
Noise_2kVf_qNfblQ,13.5,0,1
Noise_2kVf_qNfblQ,14.0,0,1
Noise_2kVf_qNfblQ,14.0,0,1
Noise_2kVf_qNfblQ,14.5,0,1
Noise_2kVf_qNfblQ,14.5,0,0
Noise_2kVf_qNfblQ,15.0,0,0
Noise_2kVf_qNfblQ,15.0,0,0
Noise_2kVf_qNfblQ,15.5,0,0
Noise_2kVf_qNfblQ,15.5,0,0
Noise_2kVf_qNfblQ,16.0,0,0
Noise_2kVf_qNfblQ,16.0,0,0
Noise_2kVf_qNfblQ,16.5,0,0
Noise_2kVf_qNfblQ,16.5,0,0
Noise_2kVf_qNfblQ,17.0,0,0
Noise_2kVf_qNfblQ,17.0,0,0
Noise_2kVf_qNfblQ,17.5,0,0
Noise_2kVf_qNfblQ,17.5,0,0
Noise_2kVf_qNfblQ,18.0,0,0
Noise_2kVf_qNfblQ,18.0,0,0
Noise_2kVf_qNfblQ,18.5,0,0
Noise_2kVf_qNfblQ,18.5,0,0
Noise_2kVf_qNfblQ,19.0,0,0
Noise_2kVf_qNfblQ,19.0,0,1
Noise_2kVf_qNfblQ,19.5,0,1
Noise_2kVf_qNfblQ,19.5,0,1
Noise_2kVf_qNfblQ,20.0,0,1
Noise_2kVf_qNfblQ,20.0,0,1
Noise_2kVf_qNfblQ,20.5,0,1
Noise_2kVf_qNfblQ,20.5,0,0
Noise_2kVf_qNfblQ,21.0,0,0
Noise_2kVf_qNfblQ,21.0,0,0
Noise_2kVf_qNfblQ,21.5,0,0
Noise_2kVf_qNfblQ,21.5,0,0
Noise_2kVf_qNfblQ,22.0,0,0
Noise_2kVf_qNfblQ,22.0,0,0
Noise_2kVf_qNfblQ,22.5,0,0
Noise_2kVf_qNfblQ,22.5,0,0
Noise_2kVf_qNfblQ,23.0,0,0
Noise_2kVf_qNfblQ,23.0,0,0
Noise_2kVf_qNfblQ,23.5,0,0
Noise_2kVf_qNfblQ,23.5,0,0
Noise_2kVf_qNfblQ,24.0,0,0
Noise_2kVf_qNfblQ,24.0,0,0
Noise_2kVf_qNfblQ,24.5,0,0
Noise_2kVf_qNfblQ,24.5,0,0
Noise_2kVf_qNfblQ,25.0,0,0
Noise_2kVf_qNfblQ,25.0,0,0
Noise_2kVf_qNfblQ,25.5,0,0
Noise_2kVf_qNfblQ,25.5,0,0
Noise_2kVf_qNfblQ,26.0,0,0
Noise_2kVf_qNfblQ,26.0,0,0
Noise_2kVf_qNfblQ,26.5,0,0
Noise_2kVf_qNfblQ,26.5,0,0
Noise_2kVf_qNfblQ,27.0,0,0
Noise_2kVf_qNfblQ,27.0,0,0
Noise_2kVf_qNfblQ,27.5,0,0
Noise_2kVf_qNfblQ,27.5,0,0
Noise_2kVf_qNfblQ,28.0,0,0
Noise_2kVf_qNfblQ,28.0,0,0
Noise_2kVf_qNfblQ,28.5,0,0
Noise_2kVf_qNfblQ,28.5,0,0
Noise_2kVf_qNfblQ,29.0,0,0
Noise_2kVf_qNfblQ,29.0,0,0
Noise_2kVf_qNfblQ,29.5,0,0
Noise_2kVf_qNfblQ,29.5,0,1
Noise_2kVf_qNfblQ,30.0,0,1
Noise_2kVf_qNfblQ,30.0,0,1
Noise_2kVf_qNfblQ,30.5,0,1
Noise_2kVf_qNfblQ,30.5,1,1
Noise_2kVf_qNfblQ,31.0,1,1
Noise_2kVf_qNfblQ,31.0,1,1
Noise_2kVf_qNfblQ,31.5,1,1
Noise_2kVf_qNfblQ,31.5,1,1
Noise_2kVf_qNfblQ,32.0,1,1
Noise_2kVf_qNfblQ,32.0,0,1
Noise_2kVf_qNfblQ,32.5,0,1
Noise_2kVf_qNfblQ,32.5,0,1
Noise_2kVf_qNfblQ,33.0,0,1
Noise_2kVf_qNfblQ,33.0,0,0
Noise_2kVf_qNfblQ,33.5,0,0
Noise_2kVf_qNfblQ,33.5,0,0
Noise_2kVf_qNfblQ,34.0,0,0
Noise_2kVf_qNfblQ,34.0,0,1
Noise_2kVf_qNfblQ,34.5,0,1
Noise_2kVf_qNfblQ,34.5,0,1
Noise_2kVf_qNfblQ,35.0,0,1
Noise_2kVf_qNfblQ,35.0,0,0
Noise_2kVf_qNfblQ,35.5,0,0
Noise_2kVf_qNfblQ,35.5,0,0
Noise_2kVf_qNfblQ,36.0,0,0
Noise_2kVf_qNfblQ,36.0,0,0
Noise_2kVf_qNfblQ,36.5,0,0
Noise_2kVf_qNfblQ,36.5,0,0
Noise_2kVf_qNfblQ,37.0,0,0
Noise_2kVf_qNfblQ,37.0,0,0
Noise_2kVf_qNfblQ,37.5,0,0
Noise_2kVf_qNfblQ,37.5,0,0
Noise_2kVf_qNfblQ,38.0,0,0
Noise_2kVf_qNfblQ,38.0,0,0
Noise_2kVf_qNfblQ,38.5,0,0
Noise_2kVf_qNfblQ,38.5,0,0
Noise_2kVf_qNfblQ,39.0,0,0
Noise_2kVf_qNfblQ,39.0,0,0
Noise_2kVf_qNfblQ,39.5,0,0
Noise_2kVf_qNfblQ,39.5,0,0
Noise_2kVf_qNfblQ,40.0,0,0
Noise_2kVf_qNfblQ,40.0,0,0
Noise_2kVf_qNfblQ,40.5,0,0
Noise_2kVf_qNfblQ,40.5,0,0
Noise_2kVf_qNfblQ,41.0,0,0
Noise_2kVf_qNfblQ,41.0,0,0
Noise_2kVf_qNfblQ,41.5,0,0
Noise_2kVf_qNfblQ,41.5,0,0
Noise_2kVf_qNfblQ,42.0,0,0
Noise_2kVf_qNfblQ,42.0,0,0
Noise_2kVf_qNfblQ,42.5,0,0
Noise_2kVf_qNfblQ,42.5,0,0
Noise_2kVf_qNfblQ,43.0,0,0
Noise_2kVf_qNfblQ,43.0,0,0
Noise_2kVf_qNfblQ,43.5,0,0
Noise_2kVf_qNfblQ,43.5,0,0
Noise_2kVf_qNfblQ,44.0,0,0
Noise_2kVf_qNfblQ,44.0,0,0
Noise_2kVf_qNfblQ,44.5,0,0
Noise_2kVf_qNfblQ,44.5,0,0
Noise_2kVf_qNfblQ,45.0,0,0
Noise_2kVf_qNfblQ,45.0,0,0
Noise_2kVf_qNfblQ,45.5,0,0
Noise_2kVf_qNfblQ,45.5,0,0
Noise_2kVf_qNfblQ,46.0,0,0
Noise_2kVf_qNfblQ,46.0,0,0
Noise_2kVf_qNfblQ,46.5,0,0
Noise_2kVf_qNfblQ,46.5,0,0
Noise_2kVf_qNfblQ,47.0,0,0
Noise_2kVf_qNfblQ,47.0,0,0
Noise_2kVf_qNfblQ,47.5,0,0
Noise_2kVf_qNfblQ,47.5,0,0
Noise_2kVf_qNfblQ,48.0,0,0
Noise_2kVf_qNfblQ,48.0,0,0
Noise_2kVf_qNfblQ,48.5,0,0
Noise_2kVf_qNfblQ,48.5,0,0
Noise_2kVf_qNfblQ,49.0,0,0
Noise_2kVf_qNfblQ,49.0,0,0
Noise_2kVf_qNfblQ,49.5,0,0
Noise_2kVf_qNfblQ,49.5,0,0
Noise_2kVf_qNfblQ,50.0,0,0
Noise_2kVf_qNfblQ,50.0,0,0
Noise_2kVf_qNfblQ,50.5,0,0
Noise_2kVf_qNfblQ,50.5,0,0
Noise_2kVf_qNfblQ,51.0,0,0
Noise_2kVf_qNfblQ,51.0,0,0
Noise_2kVf_qNfblQ,51.5,0,0
Noise_2kVf_qNfblQ,51.5,0,1
Noise_2kVf_qNfblQ,52.0,0,1
Noise_2kVf_qNfblQ,52.0,0,1
Noise_2kVf_qNfblQ,52.5,0,1
Noise_2kVf_qNfblQ,52.5,0,0
Noise_2kVf_qNfblQ,53.0,0,0
Noise_2kVf_qNfblQ,53.0,0,1
Noise_2kVf_qNfblQ,53.5,0,1
Noise_2kVf_qNfblQ,53.5,0,0
Noise_2kVf_qNfblQ,54.0,0,0
Noise_2kVf_qNfblQ,54.0,0,0
Noise_2kVf_qNfblQ,54.5,0,0
Noise_2kVf_qNfblQ,54.5,0,0
Noise_2kVf_qNfblQ,55.0,0,0
Noise_2kVf_qNfblQ,55.0,0,0
Noise_2kVf_qNfblQ,55.5,0,0
Noise_2kVf_qNfblQ,55.5,0,0
Noise_2kVf_qNfblQ,56.0,0,0
Noise_2kVf_qNfblQ,56.0,0,0
Noise_2kVf_qNfblQ,56.5,0,0
Noise_2kVf_qNfblQ,56.5,0,0
Noise_2kVf_qNfblQ,57.0,0,0
Noise_2kVf_qNfblQ,57.0,0,0
Noise_2kVf_qNfblQ,57.5,0,0
Noise_2kVf_qNfblQ,57.5,0,0
Noise_2kVf_qNfblQ,58.0,0,0
Noise_2kVf_qNfblQ,58.0,0,0
Noise_2kVf_qNfblQ,58.5,0,0
Noise_2kVf_qNfblQ,58.5,0,0
Noise_2kVf_qNfblQ,59.0,0,0
Noise_2kVf_qNfblQ,59.0,0,1
Noise_2kVf_qNfblQ,59.5,0,1
Noise_2kVf_qNfblQ,59.5,0,1
Noise_2kVf_qNfblQ,60.0,0,1
Noise_2kVf_qNfblQ,60.0,0,0
Noise_2kVf_qNfblQ,60.5,0,0
Noise_2kVf_qNfblQ,60.5,0,0
Noise_2kVf_qNfblQ,61.0,0,0
Noise_2kVf_qNfblQ,61.0,0,0
Noise_2kVf_qNfblQ,61.5,0,0
Noise_2kVf_qNfblQ,61.5,0,0
Noise_2kVf_qNfblQ,62.0,0,0
Noise_2kVf_qNfblQ,62.0,0,0
Noise_2kVf_qNfblQ,62.5,0,0
Noise_2kVf_qNfblQ,62.5,0,1
Noise_2kVf_qNfblQ,63.0,0,1
Noise_2kVf_qNfblQ,63.0,1,1
Noise_2kVf_qNfblQ,63.5,1,1
Noise_2kVf_qNfblQ,63.5,1,1
Noise_2kVf_qNfblQ,64.0,1,1
Noise_2kVf_qNfblQ,64.0,1,1
Noise_2kVf_qNfblQ,64.5,1,1
Noise_2kVf_qNfblQ,64.5,0,0
Noise_2kVf_qNfblQ,65.0,0,0
Noise_2kVf_qNfblQ,65.0,0,0
Noise_2kVf_qNfblQ,65.5,0,0
Noise_2kVf_qNfblQ,65.5,0,1
Noise_2kVf_qNfblQ,66.0,0,1
Noise_2kVf_qNfblQ,66.0,0,0
Noise_2kVf_qNfblQ,66.5,0,0
Noise_2kVf_qNfblQ,66.5,0,0
Noise_2kVf_qNfblQ,67.0,0,0
Noise_2kVf_qNfblQ,67.0,0,0
Noise_2kVf_qNfblQ,67.5,0,0
Noise_2kVf_qNfblQ,67.5,0,1
Noise_2kVf_qNfblQ,68.0,0,1
Noise_2kVf_qNfblQ,68.0,0,1
Noise_2kVf_qNfblQ,68.5,0,1
Noise_2kVf_qNfblQ,68.5,0,1
Noise_2kVf_qNfblQ,69.0,0,1
Noise_2kVf_qNfblQ,69.0,0,1
Noise_2kVf_qNfblQ,69.5,0,1
Noise_2kVf_qNfblQ,69.5,0,1
Noise_2kVf_qNfblQ,70.0,0,1
Noise_2kVf_qNfblQ,70.0,0,1
Noise_2kVf_qNfblQ,70.5,0,1
Noise_2kVf_qNfblQ,70.5,0,1
Noise_2kVf_qNfblQ,71.0,0,1
Noise_2kVf_qNfblQ,71.0,0,1
Noise_2kVf_qNfblQ,71.5,0,1
Noise_2kVf_qNfblQ,71.5,0,0
Noise_2kVf_qNfblQ,72.0,0,0
Noise_2kVf_qNfblQ,72.0,0,0
Noise_2kVf_qNfblQ,72.5,0,0
Noise_2kVf_qNfblQ,72.5,0,1
Noise_2kVf_qNfblQ,73.0,0,1
Noise_2kVf_qNfblQ,73.0,0,1
Noise_2kVf_qNfblQ,73.5,0,1
Noise_2kVf_qNfblQ,73.5,0,1
Noise_2kVf_qNfblQ,74.0,0,1
Noise_2kVf_qNfblQ,74.0,0,1
Noise_2kVf_qNfblQ,74.5,0,1
Noise_2kVf_qNfblQ,74.5,0,1
Noise_2kVf_qNfblQ,75.0,0,1
Noise_2kVf_qNfblQ,75.0,0,0
Noise_2kVf_qNfblQ,75.5,0,0
Noise_2kVf_qNfblQ,75.5,0,0
Noise_2kVf_qNfblQ,76.0,0,0
Noise_2kVf_qNfblQ,76.0,0,0
Noise_2kVf_qNfblQ,76.5,0,0
Noise_2kVf_qNfblQ,76.5,0,1
Noise_2kVf_qNfblQ,77.0,0,1
Noise_2kVf_qNfblQ,77.0,0,0
Noise_2kVf_qNfblQ,77.5,0,0
Noise_2kVf_qNfblQ,77.5,0,0
Noise_2kVf_qNfblQ,78.0,0,0
Noise_2kVf_qNfblQ,78.0,0,1
Noise_2kVf_qNfblQ,78.5,0,1
Noise_2kVf_qNfblQ,78.5,0,0
Noise_2kVf_qNfblQ,79.0,0,0
Noise_2kVf_qNfblQ,79.0,0,0
Noise_2kVf_qNfblQ,79.5,0,0
Noise_2kVf_qNfblQ,79.5,0,0
Noise_2kVf_qNfblQ,80.0,0,0
Noise_2kVf_qNfblQ,80.0,0,1
Noise_2kVf_qNfblQ,80.5,0,1
Noise_2kVf_qNfblQ,80.5,0,1
Noise_2kVf_qNfblQ,81.0,0,1
Noise_2kVf_qNfblQ,81.0,0,0
Noise_2kVf_qNfblQ,81.5,0,0
Noise_2kVf_qNfblQ,81.5,0,0
Noise_2kVf_qNfblQ,82.0,0,0
Noise_2kVf_qNfblQ,82.0,0,1
Noise_2kVf_qNfblQ,82.5,0,1
Noise_2kVf_qNfblQ,82.5,0,1
Noise_2kVf_qNfblQ,83.0,0,1
Noise_2kVf_qNfblQ,83.0,0,1
Noise_2kVf_qNfblQ,83.5,0,1
Noise_2kVf_qNfblQ,83.5,0,1
Noise_2kVf_qNfblQ,84.0,0,1
Noise_2kVf_qNfblQ,84.0,0,0
Noise_2kVf_qNfblQ,84.5,0,0
Noise_2kVf_qNfblQ,84.5,0,1
Noise_2kVf_qNfblQ,85.0,0,1
Noise_2kVf_qNfblQ,85.0,0,1
Noise_2kVf_qNfblQ,85.5,0,1
Noise_2kVf_qNfblQ,85.5,0,0
Noise_2kVf_qNfblQ,86.0,0,0
Noise_2kVf_qNfblQ,86.0,0,0
Noise_2kVf_qNfblQ,86.5,0,0
Noise_2kVf_qNfblQ,86.5,0,0
Noise_2kVf_qNfblQ,87.0,0,0
Noise_2kVf_qNfblQ,87.0,0,0
Noise_2kVf_qNfblQ,87.5,0,0
Noise_2kVf_qNfblQ,87.5,0,1
Noise_2kVf_qNfblQ,88.0,0,1
Noise_2kVf_qNfblQ,88.0,0,1
Noise_2kVf_qNfblQ,88.5,0,1
Noise_2kVf_qNfblQ,88.5,0,0
Noise_2kVf_qNfblQ,89.0,0,0
Noise_2kVf_qNfblQ,89.0,0,1
Noise_2kVf_qNfblQ,89.5,0,1
Noise_2kVf_qNfblQ,89.5,0,1
Noise_2kVf_qNfblQ,90.0,0,1
Noise_2kVf_qNfblQ,90.0,0,1
Noise_2kVf_qNfblQ,90.5,0,1
Noise_2kVf_qNfblQ,90.5,0,1
Noise_2kVf_qNfblQ,91.0,0,1
Noise_2kVf_qNfblQ,91.0,0,1
Noise_2kVf_qNfblQ,91.5,0,1
Noise_2kVf_qNfblQ,91.5,0,1
Noise_2kVf_qNfblQ,92.0,0,1
Noise_2kVf_qNfblQ,92.0,0,1
Noise_2kVf_qNfblQ,92.5,0,1
Noise_2kVf_qNfblQ,92.5,0,1
Noise_2kVf_qNfblQ,93.0,0,1
Noise_2kVf_qNfblQ,93.0,0,0
Noise_2kVf_qNfblQ,93.5,0,0
Noise_2kVf_qNfblQ,93.5,0,0
Noise_2kVf_qNfblQ,94.0,0,0
Noise_2kVf_qNfblQ,94.0,0,0
Noise_2kVf_qNfblQ,94.5,0,0
Noise_2kVf_qNfblQ,94.5,0,0
Noise_2kVf_qNfblQ,95.0,0,0
Noise_2kVf_qNfblQ,95.0,0,0
Noise_2kVf_qNfblQ,95.5,0,0
Noise_2kVf_qNfblQ,95.5,0,0
Noise_2kVf_qNfblQ,96.0,0,0
Noise_2kVf_qNfblQ,96.0,0,0
Noise_2kVf_qNfblQ,96.5,0,0
Noise_2kVf_qNfblQ,96.5,0,0
Noise_2kVf_qNfblQ,97.0,0,0
Noise_2kVf_qNfblQ,97.0,0,0
Noise_2kVf_qNfblQ,97.5,0,0
Noise_2kVf_qNfblQ,97.5,0,0
Noise_2kVf_qNfblQ,98.0,0,0
Noise_2kVf_qNfblQ,98.0,0,1
Noise_2kVf_qNfblQ,98.5,0,1
Noise_2kVf_qNfblQ,98.5,0,1
Noise_2kVf_qNfblQ,99.0,0,1
Noise_2kVf_qNfblQ,99.0,0,1
Noise_2kVf_qNfblQ,99.5,0,1
Noise_2kVf_qNfblQ,99.5,0,1
Noise_2kVf_qNfblQ,100.0,0,1
Noise_2kVf_qNfblQ,100.0,0,1
Noise_2kVf_qNfblQ,100.5,0,1
Noise_2kVf_qNfblQ,100.5,0,1
Noise_2kVf_qNfblQ,101.0,0,1
Noise_2kVf_qNfblQ,101.0,0,1
Noise_2kVf_qNfblQ,101.5,0,1
Noise_2kVf_qNfblQ,101.5,0,1
Noise_2kVf_qNfblQ,102.0,0,1
Noise_2kVf_qNfblQ,102.0,0,1
Noise_2kVf_qNfblQ,102.5,0,1
Noise_2kVf_qNfblQ,102.5,0,0
Noise_2kVf_qNfblQ,103.0,0,0
Noise_2kVf_qNfblQ,103.0,0,0
Noise_2kVf_qNfblQ,103.5,0,0
Noise_2kVf_qNfblQ,103.5,0,1
Noise_2kVf_qNfblQ,104.0,0,1
Noise_2kVf_qNfblQ,104.0,0,1
Noise_2kVf_qNfblQ,104.5,0,1
Noise_2kVf_qNfblQ,104.5,0,0
Noise_2kVf_qNfblQ,105.0,0,0
Noise_2kVf_qNfblQ,105.0,0,0
Noise_2kVf_qNfblQ,105.5,0,0
Noise_2kVf_qNfblQ,105.5,0,1
Noise_2kVf_qNfblQ,106.0,0,1
Noise_2kVf_qNfblQ,106.0,0,1
Noise_2kVf_qNfblQ,106.5,0,1
Noise_2kVf_qNfblQ,106.5,0,1
Noise_2kVf_qNfblQ,107.0,0,1
Noise_2kVf_qNfblQ,107.0,0,1
Noise_2kVf_qNfblQ,107.5,0,1
Noise_2kVf_qNfblQ,107.5,0,1
Noise_2kVf_qNfblQ,108.0,0,1
Noise_2kVf_qNfblQ,108.0,0,1
Noise_2kVf_qNfblQ,108.5,0,1
Noise_2kVf_qNfblQ,108.5,0,1
Noise_2kVf_qNfblQ,109.0,0,1
Noise_2kVf_qNfblQ,109.0,0,0
Noise_2kVf_qNfblQ,109.5,0,0
Noise_2kVf_qNfblQ,109.5,0,0
Noise_2kVf_qNfblQ,110.0,0,0
Noise_2kVf_qNfblQ,110.0,0,0
Noise_2kVf_qNfblQ,110.5,0,0
Noise_2kVf_qNfblQ,110.5,0,0
Noise_2kVf_qNfblQ,111.0,0,0
Noise_2kVf_qNfblQ,111.0,0,1
Noise_2kVf_qNfblQ,111.5,0,1
Noise_2kVf_qNfblQ,111.5,0,1
Noise_2kVf_qNfblQ,112.0,0,1
Noise_2kVf_qNfblQ,112.0,0,0
Noise_2kVf_qNfblQ,112.5,0,0
Noise_2kVf_qNfblQ,112.5,0,0
Noise_2kVf_qNfblQ,113.0,0,0
Noise_2kVf_qNfblQ,113.0,0,0
Noise_2kVf_qNfblQ,113.5,0,0
Noise_2kVf_qNfblQ,113.5,0,0
Noise_2kVf_qNfblQ,114.0,0,0
Noise_2kVf_qNfblQ,114.0,0,0
Noise_2kVf_qNfblQ,114.5,0,0
Noise_2kVf_qNfblQ,114.5,0,0
Noise_2kVf_qNfblQ,115.0,0,0
Noise_2kVf_qNfblQ,115.0,0,0
Noise_2kVf_qNfblQ,115.5,0,0
Noise_2kVf_qNfblQ,115.5,0,0
Noise_2kVf_qNfblQ,116.0,0,0
Noise_2kVf_qNfblQ,116.0,0,0
Noise_2kVf_qNfblQ,116.5,0,0
Noise_2kVf_qNfblQ,116.5,0,0
Noise_2kVf_qNfblQ,117.0,0,0
Noise_2kVf_qNfblQ,117.0,0,0
Noise_2kVf_qNfblQ,117.5,0,0
Noise_2kVf_qNfblQ,117.5,0,0
Noise_2kVf_qNfblQ,118.0,0,0
Noise_2kVf_qNfblQ,118.0,0,0
Noise_2kVf_qNfblQ,118.5,0,0
Noise_2kVf_qNfblQ,118.5,0,0
Noise_2kVf_qNfblQ,119.0,0,0
Noise_2kVf_qNfblQ,119.0,0,0
Noise_2kVf_qNfblQ,119.5,0,0
Noise_2kVf_qNfblQ,119.5,0,0
Noise_2kVf_qNfblQ,120.0,0,0
