file,category,lag_s,peak_corr,flag
Asm_3OfnqBTIGs4,Asm,0.1,0.17659713903718754,
Asm_3x5PzivPJ3Q,Asm,0.26,0.5185650375158408,Cần xem
Asm_47Tep2TwUBw,Asm,0.68,0.18674387453070349,Lệch ~1 bin
Asm_8cp9laDLaiM,Asm,-0.16,0.1716686811920579,
Asm_B3tUIst9qSk,Asm,-0.22,0.11563622240056319,Cần xem
Asm_E_ZZn6St3vw,Asm,1.46,0.0022344373961500717,Lệch ~1 bin
Asm_FfyD6meDspM,Asm,0.1,0.33513676152254346,
Asm_IVnd7RZQhAY,Asm,0.26,0.10921262872114838,Cần xem
Asm_KtEz6DSAgsc,Asm,0.44,0.10062961991269254,Lệch ~1 bin
Asm_MUgbipftcgs,Asm,-0.1,0.13624034118465628,
Asm_O_DCdDWGv_s,Asm,0.02,0.3712416693610487,
Asm_QkpygCY47ME,Asm,1.5,0.028137807473113993,Lệch ~1 bin
Asm_SlfTbgAyOEI,Asm,1.1,0.203761083370923,Lệch ~1 bin
Asm_XHdsNxh9C7k,Asm,-0.04,0.10150975698468971,
Asm__P1ah40ZIkM,Asm,0.1,0.6912834822912333,
Asm_jE6x0TXsYUc,Asm,-1.44,0.12135082996081638,Lệch ~1 bin
Asm_jGAaWXOnFTw,Asm,0.68,0.19353355639302997,Lệch ~1 bin
Asm_k1HOigOPG5Q,Asm,1.16,0.15433235515283783,Lệch ~1 bin
Asm_pIvI9UszMc4,Asm,-0.82,0.0005384126914321505,Lệch ~1 bin
Asm_rPE251YheSA,Asm,-0.42,0.2487212494634713,Lệch ~1 bin
Asm_rVgWjyQpmzM,Asm,1.46,0.03936579871319781,Lệch ~1 bin
Asm_rWk3TjhaVHA,Asm,1.44,0.11126905010917178,Lệch ~1 bin
Asm_uGBukRz2HSc,Asm,-0.76,0.04662198407752025,Lệch ~1 bin
Asm_xFLFUD-Knos,Asm,0.92,0.18908219755841968,Lệch ~1 bin
Asm_y1ucBSGR2Do,Asm,0.88,0.5562049410868135,Lệch ~1 bin
Asm_zBBli1xhI0M,Asm,0.44,0.16780134599699342,Lệch ~1 bin
Babble_2HoIimGWZPM,Babble,0.24,0.3086790348249521,Cần xem
Babble_7Cb40fiBGeY,Babble,0.7,0.15707683690260213,Lệch ~1 bin
Babble_7lUPtZheLEU,Babble,1.14,0.04875085716620758,Lệch ~1 bin
Babble_9Dl429xL-Os,Babble,1.18,0.07947753342436431,Lệch ~1 bin
Babble_BkUlhr0kIXU,Babble,0.0,0.07358026224064057,
Babble_E26RNN6sKW0,Babble,0.1,0.47813552265787385,
Babble_IKB3Qiglyro,Babble,1.16,0.04343734601544618,Lệch ~1 bin
Babble_Mckcmh-OU5M,Babble,0.88,0.20050652125865726,Lệch ~1 bin
Babble_UnhpCJ5tkW4,Babble,-0.6,0.08140215121474384,Lệch ~1 bin
Babble_YDLrtJ5usLo,Babble,1.5,0.1425554739538769,Lệch ~1 bin
Babble_gSQtLtV8kbQ,Babble,0.84,0.168601907210322,Lệch ~1 bin
Babble_lnGI1NPTIi4,Babble,0.4,0.4481851329866126,Lệch ~1 bin
Babble_mLld3JVwxew,Babble,-0.92,0.04825351128746545,Lệch ~1 bin
Babble_oGtH8v0qVBc,Babble,-0.24,0.14259176262239248,Cần xem
Babble_rjsapC5SDHs,Babble,-0.9,0.130865755354759,Lệch ~1 bin
Babble_sUOTOHCVGGk,Babble,0.3,0.434434624080308,Cần xem
Babble_sXJLT3kYdhk,Babble,0.16,0.45717904640668144,
Babble_s_m1QKaQXVc,Babble,0.96,0.1793557481926007,Lệch ~1 bin
Babble_unxrg8UfGx8,Babble,0.92,0.10779609917271081,Lệch ~1 bin
Babble_vZLIiLuDvgM,Babble,1.5,-0.002011320554648037,Lệch ~1 bin
Babble_zRrkB2DeqBQ,Babble,0.02,0.16730184501770498,
Clean_0XilJotp0O4,Clean,0.06,0.4091211058093293,
Clean_6HecS03NfFE,Clean,0.06,0.8519453445975842,
Clean_8UM7pExh05c,Clean,0.14,0.5531666520942489,
Clean_CFvGPBE22yM,Clean,0.2,0.856639148506875,
Clean_F5DJP4WKtzM,Clean,-0.02,0.7810173045313947,
Clean_MEXu3VwXcsQ,Clean,-0.16,0.9417584562174504,
Clean_MjecOkKGgWs,Clean,0.12,0.8059680267477769,
Clean_N3-Ty_RTyHE,Clean,0.12,0.8716788272477741,
Clean_OFo1VsOy-5M,Clean,0.04,0.7139792477324292,
Clean_QsgYv7-lfCM,Clean,0.26,0.3524488736744374,Cần xem
Clean_R-CJScmHqmI,Clean,0.0,0.8935676654133488,
Clean_SrKjY-OHy2E,Clean,0.28,0.8708751863766441,Cần xem
Clean_TlV_tehrTFs,Clean,0.1,0.6046887935061456,
Clean_VbaJmref8GU,Clean,0.02,0.800893636365065,
Clean_W2rJ7Oj2ZNI,Clean,0.12,0.6392839793101045,
Clean__3LhV95AKgM,Clean,0.14,0.7895049633696413,
Clean__jGjPZuBMZg,Clean,0.02,0.7260686370611126,
Clean_eQFMnN0kCM4,Clean,0.22,0.8932659477967018,Cần xem
Clean_gn0q7BuPML8,Clean,0.16,0.8767508412047789,
Clean_oQdfUZBssBE,Clean,0.16,0.7526132518175279,
Clean_oTZTH-tBXpw,Clean,-0.02,0.8735856555512586,
Clean_pjMCyLsRNig,Clean,0.16,0.9256151084236878,
Clean_sUX_oeRyCwU,Clean,0.06,0.7604763176286023,
Clean_wdlij-jP5UI,Clean,-0.02,0.8654104888979294,
Clean_wfNAN7ZZJnE,Clean,0.22,0.7101990678812046,Cần xem
Clean_x5t9Dqs0DPw,Clean,0.12,0.6761013303099122,
Clean_zYI-H_Ub5pQ,Clean,0.36,0.91922721758488,Cần xem
Music_1PN4KCVOPRk,Music,-0.2,-0.0466697173165181,
Music_1vrEljMfXYo,Music,0.26,0.39152960459198693,Cần xem
Music_2TvWZEVf6go,Music,-0.04,-0.027344595830710274,
Music_725WlG1idPc,Music,0.1,0.6885274318045345,
Music_CcUD7Lcjgek,Music,0.0,0.6686638480668006,
Music_D_uLM5i0Z4c,Music,-1.24,0.05618353423819618,Lệch ~1 bin
Music_Em7vc8NWUNY,Music,0.18,0.21705791484492273,
Music_HLeYvefzUFA,Music,0.14,0.58770616881173,
Music_U2SVCCENLjE,Music,0.36,0.46240929303008577,Cần xem
Music_VikHHWrgb4Y,Music,0.2,0.7203318084138081,
Music_Wa5jDq5wynE,Music,1.5,0.11822536937679268,Lệch ~1 bin
Music_X-yIEMduRXk,Music,0.06,0.9120066299170831,
Music_X-yJhGcS7U4,Music,1.14,0.16190093098085556,Lệch ~1 bin
Music_a7fzkqLozwA,Music,0.3,0.5279045368011708,Cần xem
Music_gwDoRPcPxtc,Music,-0.14,0.5103986819936863,
Music_hnjGqS1Doto,Music,0.0,0.7747173452688847,
Music_ic8j13piAhQ,Music,0.0,0.46332982079321783,
Music_kufF91ofOUI,Music,0.22,0.8986191766734771,Cần xem
Music_lo6HMy_c9wA,Music,0.28,0.8476100541939224,Cần xem
Music_nb8CnIo_-_A,Music,0.34,0.5784955099371951,Cần xem
Music_nja_0BaQcNg,Music,0.16,0.6194120019666438,
Music_o26qoCYLdS8,Music,0.56,0.16596065127209533,Lệch ~1 bin
Music_rxovPkgqOXc,Music,0.0,0.7934686329750459,
Music_tf7VWiRbGRs,Music,0.22,0.8029664348573123,Cần xem
Music_tzGfiZ2RI10,Music,0.16,0.9338388820205852,
Music_uNIpbNgobVE,Music,-0.36,0.3384081551506092,Cần xem
Music_v8KND_z--HA,Music,0.06,0.6763969052839595,
Music_xXEx0DyIMks,Music,0.12,0.5588900446940711,
Noise_2kVf_qNfblQ,Noise,0.34,0.38150447321370096,Cần xem
Noise_4xp8qgZSbP4,Noise,0.4,0.5453304489223422,Lệch ~1 bin
Noise_9a4qsMCX81E,Noise,1.38,0.49205172111863915,Lệch ~1 bin
Noise_BAw342Xqxhs,Noise,0.2,0.3910748470901259,
Noise_C7Kez-mefBU,Noise,1.5,-0.08116981845071486,Lệch ~1 bin
Noise_NwoEClQcsis,Noise,0.26,0.5173073746599943,Cần xem
Noise_S8BrFYIR26Y,Noise,-1.14,0.0737433261347836,Lệch ~1 bin
Noise_SE38fPUuEo8,Noise,-0.78,0.36574191457751537,Lệch ~1 bin
Noise_U3_OM8-d9uk,Noise,-0.26,0.4678578648083359,Cần xem
Noise_elhDtPzffIQ,Noise,1.5,0.011910482226421815,Lệch ~1 bin
Noise_mZVPAwf9LUA,Noise,-1.04,-0.03376212580609842,Lệch ~1 bin
Noise_nYWaDjr8sfs,Noise,0.98,0.3388498982032197,Lệch ~1 bin
Noise_sXJLT3kYdhk,Noise,0.16,0.45717904640668144,
Noise_snOr94AWKSQ,Noise,-0.94,0.6734584154457937,Lệch ~1 bin
