file,category,dur_s,speech_ratio,speech_ratio_alt,bins_hat,silero_ratio,agree_aed_silero,transitions,n_speech_seg,mean_speech_seg_s,boundary_frac,auc_file,mean_score,degenerate,extreme,split,lag_s,peak_corr
Asm_3OfnqBTIGs4,Asm,120.0,0.5583333333333333,0.5583333333333333,0,0.0375,0.4791666666666667,51,26,2.576923076923077,0.3875,0.610321036327795,0.05097455128968254,False,False,test,0.1,0.17659713903718754
Asm_3x5PzivPJ3Q,Asm,120.0,0.3958333333333333,0.3958333333333333,0,0.23333333333333334,0.8375,43,22,2.159090909090909,0.32916666666666666,0.930961887477314,0.08458799732142858,False,False,test,0.26,0.5185650375158408
Asm_47Tep2TwUBw,Asm,120.0,0.6166666666666667,0.6166666666666667,0,0.0,0.38333333333333336,67,34,2.176470588235294,0.48333333333333334,0.5854142185663925,0.06646819831349206,False,False,test,0.68,0.18674387453070349
Asm_7NvNSVrY7F8,Asm,120.0,0.0,0.0,0,0.0,1.0,0,0,0.0,0.0,,0.03256141706349207,True,True,dev,,
Asm_8cp9laDLaiM,Asm,120.0,0.25,0.25,0,0.0,0.75,42,21,1.4285714285714286,0.3375,0.664212962962963,0.023217000595238093,False,False,test,-0.16,0.1716686811920579
Asm_B3tUIst9qSk,Asm,120.0,0.175,0.175,0,0.0,0.825,19,10,2.1,0.14583333333333334,0.5776815776815776,0.014926914880952382,False,False,test,-0.22,0.11563622240056319
Asm_E_ZZn6St3vw,Asm,120.0,0.020833333333333332,0.020833333333333332,0,0.0,0.9791666666666666,6,3,0.8333333333333334,0.041666666666666664,0.4748936170212766,0.030476878174603175,False,True,test,1.46,0.0022344373961500717
Asm_FfyD6meDspM,Asm,120.0,0.4083333333333333,0.4041666666666667,1,0.016666666666666666,0.6125,54,27,1.8148148148148149,0.42083333333333334,0.8044696751940213,0.06060187628968253,False,False,test,0.1,0.33513676152254346
Asm_IVnd7RZQhAY,Asm,120.0,0.7541666666666667,0.7541666666666667,0,0.0,0.24583333333333332,42,21,4.309523809523809,0.30416666666666664,0.5949995317913662,0.11460607876984126,False,False,test,0.26,0.10921262872114838
Asm_IlJYaR2D7GU,Asm,120.0,0.0,0.0,0,0.0,1.0,0,0,0.0,0.0,,0.01769802013888889,True,True,test,,
Asm_KtEz6DSAgsc,Asm,120.0,0.3541666666666667,0.3541666666666667,0,0.0,0.6458333333333334,44,22,1.9318181818181819,0.3333333333333333,0.589449715370019,0.02873107619047619,False,False,test,0.44,0.10062961991269254
Asm_MUgbipftcgs,Asm,120.0,0.2625,0.2625,0,0.0,0.7375,30,15,2.1,0.24583333333333332,0.6477445968971393,0.015939492857142856,False,False,test,-0.1,0.13624034118465628
Asm_O_DCdDWGv_s,Asm,120.0,0.8958333333333334,0.8958333333333334,0,0.7,0.7958333333333333,17,9,11.944444444444445,0.125,0.9202790697674419,0.43770685724206354,False,False,dev,0.02,0.3712416693610487
Asm_QY1X2NLYsKY,Asm,120.0,0.0,0.0,0,0.0,1.0,0,0,0.0,0.0,,0.03144492232142858,True,True,test,,
Asm_QkpygCY47ME,Asm,120.0,0.029166666666666667,0.029166666666666667,0,0.0,0.9708333333333333,8,4,0.875,0.05416666666666667,0.5027590435315756,0.014133311507936508,False,True,test,1.5,0.028137807473113993
Asm_SlfTbgAyOEI,Asm,120.0,0.4708333333333333,0.4708333333333333,0,0.0,0.5291666666666667,72,36,1.5694444444444444,0.5333333333333333,0.6172740575569646,0.02638793849206349,False,False,test,1.1,0.203761083370923
Asm_XHdsNxh9C7k,Asm,120.0,0.9666666666666667,0.9666666666666667,0,0.9291666666666667,0.9458333333333333,11,6,19.333333333333332,0.075,0.7068965517241379,0.3455917997023809,False,True,test,-0.04,0.10150975698468971
Asm__P1ah40ZIkM,Asm,120.0,0.20833333333333334,0.19166666666666668,4,0.0875,0.8958333333333334,34,17,1.4705882352941178,0.2625,0.9187368421052633,0.13850961865079364,False,False,dev,0.1,0.6912834822912333
Asm_jE6x0TXsYUc,Asm,120.0,0.7791666666666667,0.7791666666666667,0,0.0,0.22083333333333333,54,28,3.3392857142857144,0.39166666666666666,0.34476843910806176,0.10947084047619046,False,False,dev,-1.44,0.12135082996081638
Asm_jGAaWXOnFTw,Asm,120.0,0.4166666666666667,0.4166666666666667,0,0.0,0.5833333333333334,34,17,2.9411764705882355,0.25833333333333336,0.629,0.033911628373015874,False,False,test,0.68,0.19353355639302997
Asm_k1HOigOPG5Q,Asm,120.0,0.5291666666666667,0.5291666666666667,0,0.0,0.4708333333333333,54,27,2.3518518518518516,0.4041666666666667,0.5948714375304858,0.04261434613095238,False,False,dev,1.16,0.15433235515283783
Asm_pIvI9UszMc4,Asm,120.0,0.04583333333333333,0.04583333333333333,0,0.0,0.9541666666666667,4,2,2.75,0.03333333333333333,0.5843588725684795,0.025467583432539683,False,True,test,-0.82,0.0005384126914321505
Asm_rPE251YheSA,Asm,120.0,0.325,0.325,0,0.0,0.675,50,25,1.56,0.38333333333333336,0.6783000949667617,0.029293294444444447,False,False,test,-0.42,0.2487212494634713
Asm_rVgWjyQpmzM,Asm,120.0,0.4,0.4,0,0.0,0.6,46,23,2.0869565217391304,0.3333333333333333,0.5118634259259259,0.047553096130952384,False,False,dev,1.46,0.03936579871319781
Asm_rWk3TjhaVHA,Asm,120.0,0.016666666666666666,0.016666666666666666,0,0.0,0.9833333333333333,4,2,1.0,0.029166666666666667,0.3967161016949152,0.04678947638888888,False,True,test,1.44,0.11126905010917178
Asm_sIgkTYTWPz8,Asm,120.0,0.0,0.0,0,0.0,1.0,0,0,0.0,0.0,,0.015121521130952383,True,True,test,,
Asm_uGBukRz2HSc,Asm,120.0,0.025,0.025,0,0.0,0.975,2,1,3.0,0.016666666666666666,0.7962962962962963,0.02625904970238095,False,True,dev,-0.76,0.04662198407752025
Asm_xFLFUD-Knos,Asm,120.0,0.06666666666666667,0.06666666666666667,0,0.0,0.9333333333333333,8,4,2.0,0.06666666666666667,0.7784598214285714,0.008890085813492063,False,True,dev,0.92,0.18908219755841968
Asm_y1ucBSGR2Do,Asm,120.0,0.03333333333333333,0.03333333333333333,0,0.0,0.9666666666666667,4,2,2.0,0.03333333333333333,0.9310344827586207,0.001878311706349206,False,True,dev,0.88,0.5562049410868135
Asm_zBBli1xhI0M,Asm,120.0,0.42083333333333334,0.42083333333333334,0,0.004166666666666667,0.5833333333333334,71,36,1.4027777777777777,0.5375,0.6442410428093168,0.01855617638888889,False,False,test,0.44,0.16780134599699342
Babble_0RLrdoIo-kc,Babble,19.5,1.0,1.0,0,0.05128205128205128,0.05128205128205128,0,1,19.5,0.0,,0.4446301294261295,True,True,dev,,
Babble_2HoIimGWZPM,Babble,120.0,0.6958333333333333,0.6833333333333333,3,0.0,0.31666666666666665,37,19,4.394736842105263,0.2875,0.7205725535230908,0.1627269034722222,False,False,test,0.24,0.3086790348249521
Babble_3MccHT88SCs,Babble,61.5,0.0,0.0,0,0.0,1.0,0,0,0.0,0.0,,0.004785269066976384,True,True,dev,,
Babble_54VNL7YDimU,Babble,120.0,1.0,0.9833333333333333,4,0.0,0.016666666666666666,0,1,120.0,0.0,,0.21457345446428572,True,True,test,,
Babble_7Cb40fiBGeY,Babble,120.0,0.0125,0.004166666666666667,2,0.0,0.9958333333333333,4,2,0.75,0.029166666666666667,0.8565400843881857,0.05192569325396826,False,True,test,0.7,0.15707683690260213
Babble_7lUPtZheLEU,Babble,120.0,0.275,0.275,0,0.0,0.725,45,23,1.434782608695652,0.3333333333333333,0.40839428770463254,0.14989040892857144,False,False,test,1.14,0.04875085716620758
Babble_9Dl429xL-Os,Babble,120.0,0.029166666666666667,0.029166666666666667,0,0.0,0.9708333333333333,10,5,0.7,0.06666666666666667,0.5364806866952789,0.13254766339285715,False,True,test,1.18,0.07947753342436431
Babble_BkUlhr0kIXU,Babble,120.0,0.4666666666666667,0.0625,97,0.0,0.9375,39,20,2.8,0.29583333333333334,0.5468052455357143,0.18361045515873015,False,False,test,0.0,0.07358026224064057
Babble_E26RNN6sKW0,Babble,52.5,0.6761904761904762,0.4857142857142857,20,0.0380952380952381,0.47619047619047616,13,7,5.071428571428571,0.21904761904761905,0.8765534382767192,0.3048535875283447,False,False,test,0.1,0.47813552265787385
Babble_IKB3Qiglyro,Babble,120.0,0.5833333333333334,0.4125,41,0.0,0.5875,49,25,2.8,0.38333333333333336,0.45171428571428573,0.18395253521825397,False,False,test,1.16,0.04343734601544618
Babble_Mckcmh-OU5M,Babble,120.0,0.075,0.041666666666666664,8,0.004166666666666667,0.9541666666666667,12,6,1.5,0.09166666666666666,0.5960960960960962,0.2518834107142857,False,True,dev,0.88,0.20050652125865726
Babble_QbXCfH7wyBQ,Babble,120.0,0.0,0.0,0,0.0,1.0,0,0,0.0,0.0,,0.039122133134920634,True,True,test,,
Babble_UnhpCJ5tkW4,Babble,120.0,0.9791666666666666,0.9541666666666667,6,0.3333333333333333,0.3458333333333333,4,3,39.166666666666664,0.03333333333333333,0.6229787234042553,0.22332618640873017,False,True,test,-0.6,0.08140215121474384
Babble_YDLrtJ5usLo,Babble,60.0,0.2916666666666667,0.2916666666666667,0,0.0,0.7083333333333334,17,9,1.9444444444444444,0.26666666666666666,0.5922689075630252,0.1516047361111111,False,False,test,1.5,0.1425554739538769
Babble_dx3GxpitvbY,Babble,120.0,0.0,0.0,0,0.0,1.0,0,0,0.0,0.0,,0.02164574791666667,True,True,test,,
Babble_gSQtLtV8kbQ,Babble,120.0,0.20833333333333334,0.20833333333333334,0,0.0,0.7916666666666666,34,17,1.4705882352941178,0.25,0.5593684210526315,0.154350114484127,False,False,test,0.84,0.168601907210322
Babble_lnGI1NPTIi4,Babble,120.0,0.9041666666666667,0.9041666666666667,0,0.9,0.9958333333333333,5,3,36.166666666666664,0.0375,0.8920056100981767,0.5742949226190476,False,True,dev,0.4,0.4481851329866126
Babble_mLld3JVwxew,Babble,120.0,0.9958333333333333,0.9625,8,0.3875,0.4083333333333333,2,2,59.75,0.0125,0.48535564853556484,0.1439214310515873,False,True,test,-0.92,0.04825351128746545
Babble_oGtH8v0qVBc,Babble,120.0,0.08333333333333333,0.08333333333333333,0,0.0,0.9166666666666666,16,8,1.25,0.12916666666666668,0.6102272727272727,0.0733513814484127,False,True,test,-0.24,0.14259176262239248
Babble_rjsapC5SDHs,Babble,120.0,0.9958333333333333,0.6875,74,0.22916666666666666,0.4083333333333333,1,1,119.5,0.008333333333333333,0.7656903765690377,0.6330233116071429,False,True,test,-0.9,0.130865755354759
Babble_sJUl4CH4f-c,Babble,120.0,1.0,0.95,12,0.17916666666666667,0.22916666666666666,0,1,120.0,0.0,,0.19648427658730155,True,True,dev,,
Babble_sUOTOHCVGGk,Babble,120.0,0.09583333333333334,0.09583333333333334,0,0.0,0.9041666666666667,20,10,1.15,0.14166666666666666,0.8906030855539971,0.06166916031746031,False,True,test,0.3,0.434434624080308
Babble_sXJLT3kYdhk,Babble,120.0,0.025,0.025,0,0.0,0.975,4,2,1.5,0.03333333333333333,0.9601139601139601,0.02445025099206349,False,True,dev,0.16,0.45717904640668144
Babble_s_m1QKaQXVc,Babble,120.0,0.11666666666666667,0.09166666666666666,6,0.0,0.9083333333333333,14,7,2.0,0.1125,0.6115229110512129,0.14883102261904763,False,False,test,0.96,0.1793557481926007
Babble_unxrg8UfGx8,Babble,120.0,0.008333333333333333,0.008333333333333333,0,0.0,0.9916666666666667,4,2,0.5,0.020833333333333332,0.7899159663865547,0.06826858432539681,False,True,test,0.92,0.10779609917271081
Babble_vZLIiLuDvgM,Babble,120.0,0.15,0.15,0,0.0,0.85,20,10,1.8,0.15833333333333333,0.3567538126361655,0.16520032123015874,False,False,dev,1.5,-0.002011320554648037
Babble_zRrkB2DeqBQ,Babble,120.0,0.15,0.07083333333333333,19,0.0,0.9291666666666667,29,15,1.2,0.22083333333333333,0.6361655773420478,0.08502644791666668,False,False,dev,0.02,0.16730184501770498
Clean_0XilJotp0O4,Clean,29.0,0.7758620689655172,0.7758620689655172,0,0.6896551724137931,0.9137931034482759,21,11,2.0454545454545454,0.5862068965517241,0.8051282051282049,0.7835310131362889,False,False,dev,0.06,0.4091211058093293
Clean_6HecS03NfFE,Clean,120.0,0.9625,0.9625,0,0.95,0.9875,5,3,38.5,0.0375,0.9956709956709957,0.9691850594246032,False,True,test,0.06,0.8519453445975842
Clean_8UM7pExh05c,Clean,120.0,0.85,0.8166666666666667,8,0.8041666666666667,0.9041666666666667,49,25,4.08,0.3416666666666667,0.8756127450980392,0.9520140898809525,False,False,test,0.14,0.5531666520942489
Clean_CFvGPBE22yM,Clean,120.0,0.8833333333333333,0.8833333333333333,0,0.85,0.9583333333333334,15,8,13.25,0.10833333333333334,0.9549359838274933,0.9004502750000001,False,False,test,0.2,0.856639148506875
Clean_F5DJP4WKtzM,Clean,120.0,0.9458333333333333,0.9416666666666667,1,0.9291666666666667,0.9791666666666666,9,5,22.7,0.0625,0.9857675364283294,0.9350841629960318,False,True,test,-0.02,0.7810173045313947
Clean_GQOEG7x8YRw,Clean,120.0,1.0,1.0,0,1.0,1.0,0,1,120.0,0.0,,0.9989922998015873,True,True,dev,,
Clean_HR-F5iFMPjg,Clean,93.0,1.0,0.9516129032258065,9,0.9946236559139785,0.946236559139785,0,1,93.0,0.0,,0.9967121611623144,True,True,test,,
Clean_MEXu3VwXcsQ,Clean,120.0,0.9708333333333333,0.9708333333333333,0,0.95,0.9791666666666666,2,2,58.25,0.016666666666666666,1.0,0.9747915546626983,False,True,test,-0.16,0.9417584562174504
Clean_MjecOkKGgWs,Clean,120.0,0.8083333333333333,0.7708333333333334,9,0.7375,0.9,26,14,6.928571428571429,0.20416666666666666,0.9771402958314657,0.7722232634920635,False,False,dev,0.12,0.8059680267477769
Clean_N3-Ty_RTyHE,Clean,32.0,0.640625,0.640625,0,0.59375,0.953125,13,7,2.9285714285714284,0.359375,0.9893955461293743,0.7115779196428571,False,False,dev,0.12,0.8716788272477741
Clean_OFo1VsOy-5M,Clean,120.0,0.9416666666666667,0.8875,13,0.8833333333333333,0.9375,11,6,18.833333333333332,0.0875,0.9677623261694058,0.929905233531746,False,True,test,0.04,0.7139792477324292
Clean_P8e435_oZmE,Clean,36.5,1.0,1.0,0,1.0,1.0,0,1,36.5,0.0,,0.9848639673842139,True,True,test,,
Clean_QsgYv7-lfCM,Clean,120.0,0.9708333333333333,0.9708333333333333,0,0.9375,0.9666666666666667,12,7,16.642857142857142,0.07916666666666666,0.8553034947884732,0.9703067239087301,False,True,test,0.26,0.3524488736744374
Clean_R-CJScmHqmI,Clean,105.5,0.8199052132701422,0.8151658767772512,1,0.7251184834123223,0.9004739336492891,12,6,14.416666666666666,0.0947867298578199,0.9478247642226955,0.8393727271496276,False,False,test,0.0,0.8935676654133488
Clean_SrKjY-OHy2E,Clean,120.0,0.9666666666666667,0.9666666666666667,0,0.9333333333333333,0.9666666666666667,2,1,116.0,0.016666666666666666,0.9964978448275862,0.971294947718254,False,True,test,0.28,0.8708751863766441
Clean_TlV_tehrTFs,Clean,120.0,0.8625,0.8625,0,0.7833333333333333,0.9208333333333333,50,26,3.980769230769231,0.3458333333333333,0.9616454399063095,0.9490169130952382,False,False,test,0.1,0.6046887935061456
Clean_VbaJmref8GU,Clean,120.0,0.8958333333333334,0.8916666666666667,1,0.8583333333333333,0.9583333333333334,22,12,8.958333333333334,0.15416666666666667,0.9670697674418605,0.9291732569444444,False,False,test,0.02,0.800893636365065
Clean_W2rJ7Oj2ZNI,Clean,120.0,0.9416666666666667,0.9333333333333333,2,0.9416666666666667,0.9583333333333334,12,7,16.142857142857142,0.0875,0.9778761061946902,0.8956408887896825,False,True,test,0.12,0.6392839793101045
Clean__3LhV95AKgM,Clean,120.0,0.8166666666666667,0.8166666666666667,0,0.7416666666666667,0.925,33,17,5.764705882352941,0.23333333333333334,0.9097866419294991,0.8791091120039682,False,False,dev,0.14,0.7895049633696413
Clean__jGjPZuBMZg,Clean,120.0,0.7208333333333333,0.7166666666666667,1,0.6125,0.8875,57,29,2.9827586206896552,0.4,0.9421533948753342,0.7873282580357144,False,False,test,0.02,0.7260686370611126
Clean_eQFMnN0kCM4,Clean,120.0,0.8708333333333333,0.8666666666666667,1,0.8333333333333334,0.9583333333333334,11,6,17.416666666666668,0.07916666666666666,0.9646550393579256,0.8828692540674603,False,False,dev,0.22,0.8932659477967018
Clean_gn0q7BuPML8,Clean,120.0,0.9125,0.9041666666666667,2,0.875,0.9458333333333333,8,5,21.9,0.058333333333333334,0.9615133724722766,0.9216736584325396,False,True,test,0.16,0.8767508412047789
Clean_oQdfUZBssBE,Clean,106.0,0.9056603773584906,0.9056603773584906,0,0.8301886792452831,0.9245283018867925,16,9,10.666666666666666,0.1179245283018868,0.9401041666666667,0.9410252044025157,False,True,dev,0.16,0.7526132518175279
Clean_oTZTH-tBXpw,Clean,120.0,0.9333333333333333,0.9333333333333333,0,0.8916666666666667,0.95,9,5,22.4,0.0625,0.9458705357142857,0.9418792965277778,False,True,test,-0.02,0.8735856555512586
Clean_pjMCyLsRNig,Clean,120.0,0.9333333333333333,0.9333333333333333,0,0.925,0.9666666666666667,6,4,28.0,0.04583333333333333,0.9857700892857143,0.9420800698412698,False,True,dev,0.16,0.9256151084236878
Clean_sUX_oeRyCwU,Clean,120.0,0.9458333333333333,0.9458333333333333,0,0.9333333333333333,0.9875,12,7,16.214285714285715,0.0875,0.9552694002033209,0.9626203620039682,False,True,test,0.06,0.7604763176286023
Clean_wdlij-jP5UI,Clean,104.0,0.9759615384615384,0.9759615384615384,0,0.9615384615384616,0.9855769230769231,6,4,25.375,0.052884615384615384,1.0,0.9780527905219779,False,True,test,-0.02,0.8654104888979294
Clean_wfNAN7ZZJnE,Clean,120.0,0.9166666666666666,0.8666666666666667,12,0.8625,0.9291666666666667,22,12,9.166666666666666,0.15,0.9645454545454545,0.9202007817460317,False,True,test,0.22,0.7101990678812046
Clean_x5t9Dqs0DPw,Clean,117.0,0.7264957264957265,0.7264957264957265,0,0.6239316239316239,0.8974358974358975,62,32,2.65625,0.4444444444444444,0.9137867647058823,0.8474822316849817,False,False,test,0.12,0.6761013303099122
Clean_zYI-H_Ub5pQ,Clean,120.0,0.8708333333333333,0.8708333333333333,0,0.8333333333333334,0.9541666666666667,12,7,14.928571428571429,0.0875,0.9876524154962185,0.8776582523809524,False,False,dev,0.36,0.91922721758488
Music_1PN4KCVOPRk,Music,120.0,0.13333333333333333,0.0,32,0.0,1.0,24,12,1.3333333333333333,0.17916666666666667,0.34720552884615385,0.033553432638888894,False,False,dev,-0.2,-0.0466697173165181
Music_1vrEljMfXYo,Music,120.0,0.8875,0.0,213,0.06666666666666667,0.9333333333333333,15,8,13.3125,0.10416666666666667,0.8555033907146583,0.5078041896825397,False,False,dev,0.26,0.39152960459198693
Music_2TvWZEVf6go,Music,120.0,0.0125,0.0125,0,0.0,0.9875,2,1,1.5,0.016666666666666666,0.39943741209563993,0.027648872321428573,False,True,test,-0.04,-0.027344595830710274
Music_725WlG1idPc,Music,120.0,0.7916666666666666,0.0,190,0.125,0.875,11,6,15.833333333333334,0.08333333333333333,0.984421052631579,0.5436951912698411,False,False,test,0.1,0.6885274318045345
Music_CcUD7Lcjgek,Music,120.0,0.5458333333333333,0.0,131,0.18333333333333332,0.8166666666666667,7,4,16.375,0.058333333333333334,0.906436024931718,0.39331006408730157,False,False,test,0.0,0.6686638480668006
Music_D_uLM5i0Z4c,Music,120.0,0.058333333333333334,0.0,14,0.016666666666666666,0.9833333333333333,12,6,1.1666666666666667,0.09583333333333334,0.3802149178255373,0.09838977351190477,False,True,test,-1.24,0.05618353423819618
Music_Em7vc8NWUNY,Music,120.0,0.9833333333333333,0.0,236,0.24583333333333332,0.7541666666666667,3,2,59.0,0.025,0.8824152542372882,0.7414717046626985,False,True,dev,0.18,0.21705791484492273
Music_FS93cEWcwQA,Music,120.0,0.0,0.0,0,0.0,1.0,0,0,0.0,0.0,,0.005394481547619048,True,True,dev,,
Music_HLeYvefzUFA,Music,120.0,0.8291666666666667,0.0,199,0.0,1.0,12,6,16.583333333333332,0.08333333333333333,0.9425174653756587,0.6028328777777777,False,False,test,0.14,0.58770616881173
Music_U2SVCCENLjE,Music,120.0,0.8625,0.0,207,0.275,0.725,15,8,12.9375,0.12083333333333333,0.8922558922558923,0.5200964518849207,False,False,dev,0.36,0.46240929303008577
Music_VikHHWrgb4Y,Music,120.0,0.75,0.0,180,0.13333333333333333,0.8666666666666667,20,10,9.0,0.16666666666666666,0.9707870370370371,0.5605028090277777,False,False,dev,0.2,0.7203318084138081
Music_Wa5jDq5wynE,Music,120.0,0.0625,0.0,15,0.0,1.0,14,7,1.0714285714285714,0.1,0.5789629629629629,0.011681182936507939,False,True,test,1.5,0.11822536937679268
Music_X-yIEMduRXk,Music,120.0,0.8041666666666667,0.008333333333333333,191,0.0,0.9916666666666667,7,4,24.125,0.05416666666666667,0.9982361371403373,0.7493612677579365,False,False,test,0.06,0.9120066299170831
Music_X-yJhGcS7U4,Music,120.0,0.2625,0.0,63,0.0,1.0,25,13,2.423076923076923,0.1875,0.5788270110304008,0.11527937688492061,False,False,test,1.14,0.16190093098085556
Music_a7fzkqLozwA,Music,120.0,0.7583333333333333,0.0,182,0.0,1.0,40,21,4.333333333333333,0.31666666666666665,0.8315649867374005,0.7073865908730158,False,False,test,0.3,0.5279045368011708
Music_gwDoRPcPxtc,Music,120.0,0.21666666666666667,0.04583333333333333,41,0.0,0.9541666666666667,28,14,1.8571428571428572,0.22083333333333333,0.869885433715221,0.3042201462301587,False,False,test,-0.14,0.5103986819936863
Music_hnjGqS1Doto,Music,120.0,0.8208333333333333,0.025,191,0.14583333333333334,0.8291666666666667,9,5,19.7,0.07083333333333333,0.9789871325699445,0.7088057581349206,False,False,dev,0.0,0.7747173452688847
Music_ic8j13piAhQ,Music,120.0,0.9375,0.0,225,0.0,1.0,3,2,56.25,0.025,0.9991111111111112,0.5610492047619047,False,True,test,0.0,0.46332982079321783
Music_kufF91ofOUI,Music,120.0,0.5541666666666667,0.0,133,0.0,1.0,31,16,4.15625,0.25,0.9884055934228093,0.4999462088293651,False,False,test,0.22,0.8986191766734771
Music_lo6HMy_c9wA,Music,76.5,0.6601307189542484,0.0,101,0.0,1.0,18,9,5.611111111111111,0.22875816993464052,0.9603960396039604,0.5403064497665733,False,False,dev,0.28,0.8476100541939224
Music_mgqPA6Rbu30,Music,120.0,0.0,0.0,0,0.0,1.0,0,0,0.0,0.0,,0.016130821726190476,True,True,test,,
Music_nb8CnIo_-_A,Music,99.5,0.6984924623115578,0.010050251256281407,137,0.18090452261306533,0.8190954773869347,10,5,13.9,0.10050251256281408,0.932853717026379,0.37915412742282845,False,False,test,0.34,0.5784955099371951
Music_nja_0BaQcNg,Music,120.0,0.7625,0.0125,180,0.175,0.8125,27,14,6.535714285714286,0.2125,0.9037005081008533,0.650503714484127,False,False,test,0.16,0.6194120019666438
Music_o26qoCYLdS8,Music,120.0,0.008333333333333333,0.008333333333333333,0,0.0,0.9916666666666667,2,1,1.0,0.016666666666666666,0.8046218487394957,0.04734538253968254,False,True,test,0.56,0.16596065127209533
Music_rxovPkgqOXc,Music,120.0,0.9,0.0,216,0.1875,0.8125,1,1,108.0,0.008333333333333333,0.998070987654321,0.7955629930555556,False,False,test,0.0,0.7934686329750459
Music_tf7VWiRbGRs,Music,120.0,0.7541666666666667,0.0,181,0.23333333333333334,0.7666666666666667,29,15,6.033333333333333,0.2375,0.977525985579174,0.6465908656746032,False,False,test,0.22,0.8029664348573123
Music_tzGfiZ2RI10,Music,120.0,0.8125,0.0,195,0.3875,0.6125,11,6,16.25,0.09166666666666666,0.9985185185185185,0.7778057700396825,False,False,dev,0.16,0.9338388820205852
Music_uNIpbNgobVE,Music,120.0,0.0125,0.0125,0,0.0,0.9875,4,2,0.75,0.029166666666666667,0.731364275668073,0.0213310123015873,False,True,test,-0.36,0.3384081551506092
Music_v8KND_z--HA,Music,120.0,0.9583333333333334,0.0125,227,0.2708333333333333,0.7333333333333333,5,3,38.333333333333336,0.03333333333333333,0.9943478260869566,0.8535098323412699,False,True,test,0.06,0.6763969052839595
Music_xXEx0DyIMks,Music,120.0,0.9125,0.0,219,0.55,0.45,7,4,27.375,0.04583333333333333,0.9806479669493369,0.6588951464285715,False,True,test,0.12,0.5588900446940711
Noise_2kVf_qNfblQ,Noise,120.0,0.025,0.025,0,0.0,0.975,4,2,1.5,0.03333333333333333,0.9166666666666666,0.0472150566468254,False,True,test,0.34,0.38150447321370096
Noise_2y6zdAbN9o8,Noise,120.0,0.0,0.0,0,0.0,1.0,0,0,0.0,0.0,,0.001247233333333333,True,True,test,,
Noise_3jBjaeatXZk,Noise,120.0,0.0,0.0,0,0.0,1.0,0,0,0.0,0.0,,0.016753760615079365,True,True,dev,,
Noise_4xp8qgZSbP4,Noise,120.0,0.058333333333333334,0.05416666666666667,1,0.0,0.9458333333333333,14,7,1.0,0.1,0.9288874841972187,0.09053216557539683,False,True,test,0.4,0.5453304489223422
Noise_9a4qsMCX81E,Noise,120.0,0.3375,0.3375,0,0.12916666666666668,0.7916666666666666,18,9,4.5,0.14166666666666666,0.7477288609364081,0.1542860841269841,False,False,dev,1.38,0.49205172111863915
Noise_AzeN3eZo7n4,Noise,120.0,0.0,0.0,0,0.0,1.0,0,0,0.0,0.0,,0.017834026091269838,True,True,test,,
Noise_BAw342Xqxhs,Noise,120.0,0.1875,0.15833333333333333,7,0.0,0.8416666666666667,26,13,1.7307692307692308,0.19583333333333333,0.7797150997150997,0.1108080064484127,False,False,test,0.2,0.3910748470901259
Noise_C7Kez-mefBU,Noise,120.0,0.13333333333333333,0.13333333333333333,0,0.0,0.8666666666666667,20,10,1.6,0.14583333333333334,0.36763822115384615,0.0017092108134920637,False,False,dev,1.5,-0.08116981845071486
Noise_Cec4Z-Vlf7Q,Noise,120.0,0.0,0.0,0,0.0,1.0,0,0,0.0,0.0,,0.00870246388888889,True,True,test,,
Noise_D-td0OEk0HY,Noise,120.0,0.0,0.0,0,0.0,1.0,0,0,0.0,0.0,,0.05068053194444444,True,True,test,,
Noise_Hf7m-Lv2Hyg,Noise,120.0,0.0,0.0,0,0.0,1.0,0,0,0.0,0.0,,0.006534056944444444,True,True,test,,
Noise_NWlFKrzvsm0,Noise,120.0,0.0,0.0,0,0.0,1.0,0,0,0.0,0.0,,0.0006449854166666667,True,True,dev,,
Noise_NwoEClQcsis,Noise,120.0,0.025,0.025,0,0.0,0.975,4,2,1.5,0.03333333333333333,0.975071225071225,0.051989823115079374,False,True,test,0.26,0.5173073746599943
Noise_P9T1iwCDfhI,Noise,120.0,0.0,0.0,0,0.0,1.0,0,0,0.0,0.0,,0.00587602132936508,True,True,test,,
Noise_S8BrFYIR26Y,Noise,120.0,0.06666666666666667,0.06666666666666667,0,0.0,0.9333333333333333,8,4,2.0,0.06666666666666667,0.38671875,0.02543987132936508,False,True,test,-1.14,0.0737433261347836
Noise_SE38fPUuEo8,Noise,120.0,0.020833333333333332,0.020833333333333332,0,0.0,0.9791666666666666,6,3,0.8333333333333334,0.04583333333333333,0.8910638297872341,0.021900279761904763,False,True,dev,-0.78,0.36574191457751537
Noise_U3_OM8-d9uk,Noise,120.0,0.016666666666666666,0.016666666666666666,0,0.0,0.9833333333333333,4,2,1.0,0.03333333333333333,0.9290254237288135,0.047445045535714284,False,True,test,-0.26,0.4678578648083359
Noise_WsZ5gWX4YM0,Noise,120.0,0.0,0.0,0,0.0,1.0,0,0,0.0,0.0,,0.003685456051587301,True,True,dev,,
Noise_XoQY_yIVzpE,Noise,120.0,0.0,0.0,0,0.0,1.0,0,0,0.0,0.0,,0.05734262738095238,True,True,test,,
Noise_bhWJF9FlBqM,Noise,120.0,0.0,0.0,0,0.0,1.0,0,0,0.0,0.0,,0.002523946924603174,True,True,test,,
Noise_dNMzwrBn_5E,Noise,120.0,0.0,0.0,0,0.0,1.0,0,0,0.0,0.0,,0.17621585376984125,True,True,dev,,
Noise_elhDtPzffIQ,Noise,120.0,0.020833333333333332,0.008333333333333333,3,0.0,0.9916666666666667,2,1,2.5,0.016666666666666666,0.6502127659574468,0.003850656150793651,False,True,dev,1.5,0.011910482226421815
Noise_mZVPAwf9LUA,Noise,120.0,0.21666666666666667,0.21666666666666667,0,0.0,0.7833333333333333,26,13,2.0,0.20416666666666666,0.40568739770867435,0.0029082529761904757,False,False,test,-1.04,-0.03376212580609842
Noise_nYWaDjr8sfs,Noise,120.0,0.020833333333333332,0.020833333333333332,0,0.0,0.9791666666666666,4,2,1.25,0.03333333333333333,0.84,0.07242862202380952,False,True,test,0.98,0.3388498982032197
Noise_sXJLT3kYdhk,Noise,120.0,0.025,0.025,0,0.0,0.975,4,2,1.5,0.03333333333333333,0.9601139601139601,0.02445025099206349,False,True,test,0.16,0.45717904640668144
Noise_snOr94AWKSQ,Noise,120.0,0.07916666666666666,0.05416666666666667,6,0.0,0.9458333333333333,8,4,2.375,0.05416666666666667,0.9783281733746131,0.03146838263888888,False,True,test,-0.94,0.6734584154457937
Noise_yPSshiEsYh0,Noise,120.0,0.0,0.0,0,0.0,1.0,0,0,0.0,0.0,,0.004743463095238095,True,True,test,,
