shift_s,F1_start,F1_center,AUC_real_fireredvad,AUC_real_silero,AUC_synth_exact
-0.96,0.733005733005733,0.7416632527652601,0.8955027595449627,0.9391077138767879,0.7770470962999884
-0.88,0.734800752802553,0.7440546846219966,0.8968409433952409,0.9401196981102232,0.7939860588036317
-0.8,0.7366785261522104,0.7465532054166837,0.8993266298732334,0.9420740795044716,0.8140573165740983
-0.72,0.7391339936154538,0.7494166291398862,0.9016420144758788,0.9440493562789216,0.8346405699415049
-0.64,0.7394400785854617,0.7517201834862385,0.9041134365348872,0.9462255625158321,0.8553358982143626
-0.56,0.7410984693459933,0.7545052424639581,0.9067774245032862,0.9487646213630858,0.8742767034419896
-0.48,0.74215742485052,0.7572926909210095,0.909547985329358,0.9512117587259556,0.8918849411603091
-0.4,0.7450098167539267,0.7603488514924457,0.911860728372932,0.9531883996381302,0.905863204700065
-0.32,0.7465532054166837,0.762548104478834,0.9148157505803505,0.9552606799786822,0.9178755307311784
-0.24,0.7494678238087441,0.766100307062436,0.9170006253038683,0.9567666719777096,0.9271022399698673
-0.16,0.7512390939253676,0.7700688073394495,0.9189414405771246,0.958237506670366,0.9347825125072269
-0.08,0.7542299971322053,0.7731051144506776,0.9201563479238595,0.9591814364800342,0.9395694526061392
0.0,0.7572417749006433,0.7747540983606558,0.9209025396518438,0.9598102183780144,0.9415647968401195
0.08,0.7603177202751392,0.7755737704918033,0.9214233052249716,0.9599617098844757,0.9409152133198406
0.16,0.762548104478834,0.7756423390566733,0.9219873942403116,0.9601139449797356,0.9373050424142475
0.24,0.7668686537831642,0.7767356133524472,0.9223972592951611,0.9596211970354538,0.9309435516611025
0.32,0.7700499713279266,0.7748360655737705,0.9222671634476328,0.9587047265157431,0.9222005855551181
0.4,0.7730548730548731,0.7718665464382326,0.9214266643139181,0.9578108899831377,0.9117019267526528
0.48,0.7747540983606558,0.7702459016393443,0.920076855730281,0.9564771805543589,0.898143660352484
0.56,0.7756105556466153,0.766062197423484,0.9182926755427098,0.9548327954458043,0.8808363038755795
0.64,0.7753780582763001,0.7641656416564165,0.9159426640348795,0.9530411235847152,0.8619675630160768
0.72,0.7767356133524472,0.761869618696187,0.9135762992156082,0.9510479284600385,0.8398236024325851
0.8,0.7748360655737705,0.759995079345553,0.9113626895750462,0.9485301180639267,0.8173124059844715
0.88,0.7715644473597901,0.7561825862281097,0.909110222787893,0.9464901142918452,0.7952179093367303
0.96,0.7696092500717536,0.7531082023716712,0.9068568904686187,0.9442888935137617,0.7756935327812384
