file,category,split,start,end,n_bins,GT,score,silero_speech,nhan_do_hat
Asm_3OfnqBTIGs4,Asm,test,57.5,64.5,14,speech,0.012,0.0,False
Asm_jGAaWXOnFTw,Asm,test,90.5,97.5,14,speech,0.021,0.0,False
Babble_mLld3JVwxew,Babble,test,1.5,8.0,13,speech,0.064,0.46,False
Asm_KtEz6DSAgsc,Asm,test,38.0,44.0,12,speech,0.016,0.0,False
Asm_3OfnqBTIGs4,Asm,test,107.0,113.0,12,speech,0.024,0.0,False
Asm_B3tUIst9qSk,Asm,test,109.5,115.0,11,speech,0.013,0.0,False
Noise_mZVPAwf9LUA,Noise,test,50.5,55.5,10,speech,0.001,0.0,False
Asm_MUgbipftcgs,Asm,test,12.0,16.5,9,speech,0.016,0.0,False
Asm_IVnd7RZQhAY,Asm,test,83.0,87.5,9,speech,0.049,0.0,False
Asm_SlfTbgAyOEI,Asm,test,111.5,116.0,9,speech,0.038,0.0,False
Music_X-yJhGcS7U4,Music,test,114.0,118.5,9,speech,0.039,0.0,True
Asm_47Tep2TwUBw,Asm,test,29.0,33.5,9,speech,0.04,0.0,False
Asm_jE6x0TXsYUc,Asm,dev,6.0,10.5,9,speech,0.032,0.0,False
Asm_IVnd7RZQhAY,Asm,test,34.0,38.0,8,speech,0.047,0.0,False
Asm_rVgWjyQpmzM,Asm,dev,25.5,29.5,8,speech,0.041,0.0,False
Asm_k1HOigOPG5Q,Asm,dev,82.0,86.0,8,speech,0.046,0.0,False
Asm_47Tep2TwUBw,Asm,test,116.0,120.0,8,speech,0.039,0.0,False
Babble_54VNL7YDimU,Babble,test,82.0,85.5,7,speech,0.051,0.0,False
Asm_zBBli1xhI0M,Asm,test,46.0,49.5,7,speech,0.017,0.0,False
Asm_FfyD6meDspM,Asm,test,67.0,70.5,7,speech,0.057,0.0,False
Asm_rVgWjyQpmzM,Asm,dev,114.0,117.5,7,speech,0.008,0.0,False
Asm_3OfnqBTIGs4,Asm,test,79.5,83.0,7,speech,0.007,0.0,False
Music_X-yJhGcS7U4,Music,test,107.5,111.0,7,speech,0.039,0.0,True
Asm_SlfTbgAyOEI,Asm,test,47.0,50.5,7,speech,0.035,0.0,False
Asm_3OfnqBTIGs4,Asm,test,66.5,70.0,7,speech,0.009,0.0,False
Asm_k1HOigOPG5Q,Asm,dev,20.0,23.5,7,speech,0.013,0.0,False
Asm_KtEz6DSAgsc,Asm,test,107.5,111.0,7,speech,0.019,0.0,False
Asm_KtEz6DSAgsc,Asm,test,56.5,60.0,7,speech,0.039,0.0,False
Asm_KtEz6DSAgsc,Asm,test,92.5,96.0,7,speech,0.037,0.0,False
Asm_3OfnqBTIGs4,Asm,test,74.0,77.5,7,speech,0.017,0.0,False
Asm_3OfnqBTIGs4,Asm,test,99.0,102.5,7,speech,0.014,0.0,False
Babble_mLld3JVwxew,Babble,test,41.5,44.5,6,speech,0.058,0.0,False
Asm_jE6x0TXsYUc,Asm,dev,25.5,28.5,6,speech,0.015,0.0,False
Asm_pIvI9UszMc4,Asm,test,12.0,15.0,6,speech,0.024,0.0,False
Asm_k1HOigOPG5Q,Asm,dev,97.0,100.0,6,speech,0.024,0.0,False
Asm_B3tUIst9qSk,Asm,test,117.0,120.0,6,speech,0.017,0.0,False
Asm_jE6x0TXsYUc,Asm,dev,85.5,88.5,6,speech,0.014,0.0,False
Asm_jGAaWXOnFTw,Asm,test,82.5,85.5,6,speech,0.026,0.0,False
Asm_jGAaWXOnFTw,Asm,test,71.5,74.5,6,speech,0.02,0.0,False
Noise_C7Kez-mefBU,Noise,dev,114.5,117.5,6,speech,0.003,0.0,False
Babble_UnhpCJ5tkW4,Babble,test,49.5,52.5,6,speech,0.068,0.0,False
Babble_mLld3JVwxew,Babble,test,110.0,113.0,6,speech,0.068,0.67,True
Noise_9a4qsMCX81E,Noise,dev,72.5,75.5,6,speech,0.035,0.0,False
Noise_mZVPAwf9LUA,Noise,test,66.5,69.5,6,speech,0.0,0.0,False
Babble_mLld3JVwxew,Babble,test,66.0,69.0,6,speech,0.066,0.0,False
Asm_3OfnqBTIGs4,Asm,test,19.5,22.5,6,speech,0.017,0.0,False
Noise_S8BrFYIR26Y,Noise,test,40.0,43.0,6,speech,0.002,0.0,False
Asm_rVgWjyQpmzM,Asm,dev,69.5,72.0,5,speech,0.046,0.0,False
Asm_IVnd7RZQhAY,Asm,test,6.0,8.5,5,speech,0.065,0.0,False
Asm_IVnd7RZQhAY,Asm,test,54.0,56.5,5,speech,0.048,0.0,False
Asm_rVgWjyQpmzM,Asm,dev,85.5,88.0,5,speech,0.05,0.0,False
Asm_SlfTbgAyOEI,Asm,test,19.5,22.0,5,speech,0.032,0.0,False
Asm_k1HOigOPG5Q,Asm,dev,116.0,118.5,5,speech,0.034,0.0,False
Asm_MUgbipftcgs,Asm,test,20.5,23.0,5,speech,0.022,0.0,False
Asm_jE6x0TXsYUc,Asm,dev,38.0,40.5,5,speech,0.032,0.0,False
Asm_k1HOigOPG5Q,Asm,dev,39.0,41.5,5,speech,0.024,0.0,False
Asm_jGAaWXOnFTw,Asm,test,64.0,66.5,5,speech,0.028,0.0,False
Asm_rVgWjyQpmzM,Asm,dev,37.5,40.0,5,speech,0.033,0.0,False
Babble_54VNL7YDimU,Babble,test,48.5,51.0,5,speech,0.075,0.0,False
Asm_rVgWjyQpmzM,Asm,dev,105.0,107.5,5,speech,0.032,0.0,False
Asm_jE6x0TXsYUc,Asm,dev,109.0,111.5,5,speech,0.03,0.0,False
Babble_mLld3JVwxew,Babble,test,57.0,59.5,5,speech,0.067,0.0,False
Babble_mLld3JVwxew,Babble,test,54.0,56.5,5,speech,0.062,0.0,False
Noise_mZVPAwf9LUA,Noise,test,38.0,40.5,5,speech,0.001,0.0,False
Babble_mLld3JVwxew,Babble,test,14.5,16.5,4,speech,0.058,1.0,False
Asm_k1HOigOPG5Q,Asm,dev,109.0,111.0,4,speech,0.029,0.0,False
Asm_k1HOigOPG5Q,Asm,dev,91.5,93.5,4,speech,0.038,0.0,False
Asm_jGAaWXOnFTw,Asm,test,102.0,104.0,4,speech,0.035,0.0,False
Asm_47Tep2TwUBw,Asm,test,56.5,58.5,4,speech,0.021,0.0,False
Asm_47Tep2TwUBw,Asm,test,16.0,18.0,4,speech,0.036,0.0,False
Noise_mZVPAwf9LUA,Noise,test,32.0,34.0,4,speech,0.0,0.0,False
Babble_mLld3JVwxew,Babble,test,104.5,106.5,4,speech,0.064,0.75,False
Babble_mLld3JVwxew,Babble,test,63.5,65.5,4,speech,0.076,0.0,False
Babble_zRrkB2DeqBQ,Babble,dev,98.0,100.0,4,speech,0.032,0.0,True
Asm_47Tep2TwUBw,Asm,test,93.0,95.0,4,speech,0.033,0.0,False
Asm_47Tep2TwUBw,Asm,test,52.5,54.5,4,speech,0.02,0.0,False
Asm_jGAaWXOnFTw,Asm,test,53.0,55.0,4,speech,0.026,0.0,False
Asm_3OfnqBTIGs4,Asm,test,48.5,50.5,4,speech,0.007,0.0,False
Asm_jGAaWXOnFTw,Asm,test,68.0,70.0,4,speech,0.026,0.0,False
Asm_XHdsNxh9C7k,Asm,test,106.0,108.0,4,speech,0.06,1.0,False
Noise_9a4qsMCX81E,Noise,dev,63.5,65.5,4,speech,0.063,0.0,False
Asm_jE6x0TXsYUc,Asm,dev,35.0,37.0,4,speech,0.031,0.0,False
Asm_jE6x0TXsYUc,Asm,dev,65.0,67.0,4,speech,0.012,0.0,False
Asm_3x5PzivPJ3Q,Asm,test,51.0,53.0,4,speech,0.042,0.25,False
Asm_XHdsNxh9C7k,Asm,test,20.0,22.0,4,speech,0.062,1.0,False
Asm_MUgbipftcgs,Asm,test,50.5,52.5,4,speech,0.018,0.0,False
Asm_jGAaWXOnFTw,Asm,test,86.0,88.0,4,speech,0.021,0.0,False
Asm_FfyD6meDspM,Asm,test,101.0,103.0,4,speech,0.045,0.0,False
Babble_2HoIimGWZPM,Babble,test,115.5,117.5,4,speech,0.053,0.0,False
Babble_BkUlhr0kIXU,Babble,test,27.5,29.5,4,speech,0.054,0.0,True
Babble_IKB3Qiglyro,Babble,test,36.5,38.5,4,speech,0.08,0.0,False
Asm_IVnd7RZQhAY,Asm,test,107.5,109.5,4,speech,0.081,0.0,False
Asm_IVnd7RZQhAY,Asm,test,94.0,96.0,4,speech,0.054,0.0,False
Babble_UnhpCJ5tkW4,Babble,test,34.0,36.0,4,speech,0.068,0.25,False
Babble_UnhpCJ5tkW4,Babble,test,46.5,48.5,4,speech,0.079,0.0,False
Asm_IVnd7RZQhAY,Asm,test,24.0,26.0,4,speech,0.044,0.0,False
Asm_k1HOigOPG5Q,Asm,dev,76.5,78.5,4,speech,0.012,0.0,False
Asm_jGAaWXOnFTw,Asm,test,40.5,42.5,4,speech,0.025,0.0,False
Asm_xFLFUD-Knos,Asm,dev,1.5,3.5,4,speech,0.027,0.0,False
Asm_uGBukRz2HSc,Asm,dev,109.5,111.5,4,speech,0.034,0.0,False
Asm_3x5PzivPJ3Q,Asm,test,91.5,93.0,3,speech,0.041,1.0,False
Music_1PN4KCVOPRk,Music,dev,30.5,32.0,3,speech,0.01,0.0,True
Noise_elhDtPzffIQ,Noise,dev,42.5,44.0,3,speech,0.003,0.0,True
Music_VikHHWrgb4Y,Music,dev,84.5,86.0,3,speech,0.06,0.0,True
Asm_47Tep2TwUBw,Asm,test,82.5,84.0,3,speech,0.069,0.0,False
Asm_47Tep2TwUBw,Asm,test,62.0,63.5,3,speech,0.036,0.0,False
Asm_47Tep2TwUBw,Asm,test,71.5,73.0,3,speech,0.013,0.0,False
Asm_47Tep2TwUBw,Asm,test,74.5,76.0,3,speech,0.069,0.0,False
Babble_vZLIiLuDvgM,Babble,dev,107.0,108.5,3,speech,0.068,0.0,False
Babble_mLld3JVwxew,Babble,test,34.5,36.0,3,speech,0.075,1.0,False
Babble_mLld3JVwxew,Babble,test,38.5,40.0,3,speech,0.066,0.0,False
Asm_8cp9laDLaiM,Asm,test,74.5,76.0,3,speech,0.006,0.0,False
Babble_sJUl4CH4f-c,Babble,dev,57.5,59.0,3,speech,0.076,0.0,False
Babble_mLld3JVwxew,Babble,test,107.0,108.5,3,speech,0.044,0.67,False
Babble_mLld3JVwxew,Babble,test,87.0,88.5,3,speech,0.064,1.0,False
Asm_47Tep2TwUBw,Asm,test,104.5,106.0,3,speech,0.046,0.0,False
Music_Wa5jDq5wynE,Music,test,95.5,97.0,3,speech,0.006,0.0,True
Babble_vZLIiLuDvgM,Babble,dev,112.5,114.0,3,speech,0.08,0.0,False
Music_1PN4KCVOPRk,Music,dev,10.5,12.0,3,speech,0.034,0.0,True
Asm_rVgWjyQpmzM,Asm,dev,99.5,101.0,3,speech,0.023,0.0,False
Asm_xFLFUD-Knos,Asm,dev,9.0,10.5,3,speech,0.012,0.0,False
Asm_zBBli1xhI0M,Asm,test,43.0,44.5,3,speech,0.012,0.0,False
Asm_zBBli1xhI0M,Asm,test,36.0,37.5,3,speech,0.044,0.0,False
Asm_rVgWjyQpmzM,Asm,dev,65.0,66.5,3,speech,0.045,0.0,False
Asm_rVgWjyQpmzM,Asm,dev,21.0,22.5,3,speech,0.009,0.0,False
Babble_7lUPtZheLEU,Babble,test,116.5,118.0,3,speech,0.072,0.0,False
Babble_BkUlhr0kIXU,Babble,test,25.5,27.0,3,speech,0.039,0.0,True
Babble_BkUlhr0kIXU,Babble,test,62.0,63.5,3,speech,0.024,0.0,True
Babble_BkUlhr0kIXU,Babble,test,69.5,71.0,3,speech,0.032,0.0,True
Asm_B3tUIst9qSk,Asm,test,47.0,48.5,3,speech,0.004,0.0,False
Babble_BkUlhr0kIXU,Babble,test,92.5,94.0,3,speech,0.025,0.0,True
Babble_54VNL7YDimU,Babble,test,27.0,28.5,3,speech,0.065,0.0,False
Babble_54VNL7YDimU,Babble,test,39.5,41.0,3,speech,0.077,0.0,False
Babble_2HoIimGWZPM,Babble,test,18.0,19.5,3,speech,0.076,0.0,False
Babble_2HoIimGWZPM,Babble,test,32.5,34.0,3,speech,0.049,0.0,False
Babble_54VNL7YDimU,Babble,test,9.5,11.0,3,speech,0.079,0.0,False
Asm_FfyD6meDspM,Asm,test,117.0,118.5,3,speech,0.058,0.0,False
Asm_zBBli1xhI0M,Asm,test,30.0,31.5,3,speech,0.023,0.0,False
Asm_y1ucBSGR2Do,Asm,dev,19.0,20.5,3,speech,0.009,0.0,False
Babble_gSQtLtV8kbQ,Babble,test,100.5,102.0,3,speech,0.028,0.0,False
Babble_YDLrtJ5usLo,Babble,test,58.5,60.0,3,speech,0.05,0.0,False
Asm_k1HOigOPG5Q,Asm,dev,86.5,88.0,3,speech,0.018,0.0,False
Asm_IVnd7RZQhAY,Asm,test,89.0,90.5,3,speech,0.072,0.0,False
Asm_IVnd7RZQhAY,Asm,test,101.0,102.5,3,speech,0.068,0.0,False
Asm_rPE251YheSA,Asm,test,41.5,43.0,3,speech,0.018,0.0,False
Asm_rPE251YheSA,Asm,test,24.5,26.0,3,speech,0.02,0.0,False
Asm_rPE251YheSA,Asm,test,31.5,33.0,3,speech,0.037,0.0,False
Asm_k1HOigOPG5Q,Asm,dev,105.5,107.0,3,speech,0.033,0.0,False
Asm_k1HOigOPG5Q,Asm,dev,102.5,104.0,3,speech,0.042,0.0,False
Asm_k1HOigOPG5Q,Asm,dev,25.5,27.0,3,speech,0.014,0.0,False
Asm_jE6x0TXsYUc,Asm,dev,115.5,117.0,3,speech,0.048,0.0,False
Asm_MUgbipftcgs,Asm,test,91.5,93.0,3,speech,0.009,0.0,False
Asm_MUgbipftcgs,Asm,test,83.0,84.5,3,speech,0.018,0.0,False
Asm_jGAaWXOnFTw,Asm,test,57.5,59.0,3,speech,0.007,0.0,False
Asm_k1HOigOPG5Q,Asm,dev,47.0,48.5,3,speech,0.042,0.0,False
Asm_k1HOigOPG5Q,Asm,dev,54.5,56.0,3,speech,0.03,0.0,False
Asm_KtEz6DSAgsc,Asm,test,65.0,66.5,3,speech,0.026,0.0,False
Asm_jE6x0TXsYUc,Asm,dev,102.5,104.0,3,speech,0.05,0.0,False
Asm_SlfTbgAyOEI,Asm,test,53.5,55.0,3,speech,0.022,0.0,False
Asm_SlfTbgAyOEI,Asm,test,42.0,43.5,3,speech,0.026,0.0,False
Asm_jE6x0TXsYUc,Asm,dev,20.5,22.0,3,speech,0.014,0.0,False
Asm_jE6x0TXsYUc,Asm,dev,22.5,24.0,3,speech,0.026,0.0,False
Asm_jE6x0TXsYUc,Asm,dev,71.5,73.0,3,speech,0.024,0.0,False
Asm_jE6x0TXsYUc,Asm,dev,41.5,43.0,3,speech,0.069,0.0,False
Asm_jE6x0TXsYUc,Asm,dev,32.0,33.5,3,speech,0.039,0.0,False
Asm_jE6x0TXsYUc,Asm,dev,79.5,81.0,3,speech,0.023,0.0,False
Asm_jE6x0TXsYUc,Asm,dev,53.5,55.0,3,speech,0.027,0.0,False
Asm_SlfTbgAyOEI,Asm,test,81.5,83.0,3,speech,0.023,0.0,False
Asm_XHdsNxh9C7k,Asm,test,52.0,53.5,3,speech,0.035,1.0,False
Asm_3x5PzivPJ3Q,Asm,test,54.5,56.0,3,speech,0.07,0.67,False
Noise_9a4qsMCX81E,Noise,dev,61.5,63.0,3,speech,0.053,0.0,False
Asm_jE6x0TXsYUc,Asm,dev,17.0,18.5,3,speech,0.032,0.0,False
Asm_3x5PzivPJ3Q,Asm,test,46.0,47.5,3,speech,0.061,1.0,False
Noise_C7Kez-mefBU,Noise,dev,32.0,33.0,2,speech,0.0,0.0,False
Noise_C7Kez-mefBU,Noise,dev,29.5,30.5,2,speech,0.0,0.0,False
Asm_3OfnqBTIGs4,Asm,test,16.5,17.5,2,speech,0.009,0.0,False
Asm_3OfnqBTIGs4,Asm,test,25.0,26.0,2,speech,0.025,0.0,False
Noise_C7Kez-mefBU,Noise,dev,27.0,28.0,2,speech,0.0,0.0,False
Asm_3OfnqBTIGs4,Asm,test,41.0,42.0,2,speech,0.01,0.0,False
Noise_C7Kez-mefBU,Noise,dev,16.0,17.0,2,speech,0.001,0.0,False
Asm_3OfnqBTIGs4,Asm,test,54.0,55.0,2,speech,0.014,0.0,False
Asm_47Tep2TwUBw,Asm,test,21.5,22.5,2,speech,0.016,0.0,False
Asm_3x5PzivPJ3Q,Asm,test,88.0,89.0,2,speech,0.064,0.5,False
Music_X-yJhGcS7U4,Music,test,111.5,112.5,2,speech,0.025,0.0,True
Music_X-yJhGcS7U4,Music,test,57.5,58.5,2,speech,0.032,0.0,True
Music_X-yJhGcS7U4,Music,test,52.0,53.0,2,speech,0.071,0.0,True
Asm_XHdsNxh9C7k,Asm,test,76.5,77.5,2,speech,0.05,1.0,False
Asm_XHdsNxh9C7k,Asm,test,60.0,61.0,2,speech,0.057,1.0,False
Asm_XHdsNxh9C7k,Asm,test,57.0,58.0,2,speech,0.062,1.0,False
Asm_XHdsNxh9C7k,Asm,test,39.0,40.0,2,speech,0.08,1.0,False
Asm_XHdsNxh9C7k,Asm,test,12.5,13.5,2,speech,0.029,1.0,False
Music_HLeYvefzUFA,Music,test,111.5,112.5,2,speech,0.016,0.0,True
Music_HLeYvefzUFA,Music,test,95.0,96.0,2,speech,0.056,0.0,True
Music_HLeYvefzUFA,Music,test,47.0,48.0,2,speech,0.055,0.0,True
Music_Em7vc8NWUNY,Music,dev,60.0,61.0,2,speech,0.069,0.0,True
Music_1PN4KCVOPRk,Music,dev,20.5,21.5,2,speech,0.001,0.0,True
Asm_47Tep2TwUBw,Asm,test,90.0,91.0,2,speech,0.047,0.0,False
Asm_47Tep2TwUBw,Asm,test,65.5,66.5,2,speech,0.078,0.0,False
Asm_47Tep2TwUBw,Asm,test,48.5,49.5,2,speech,0.052,0.0,False
Asm_47Tep2TwUBw,Asm,test,36.5,37.5,2,speech,0.024,0.0,False
Babble_s_m1QKaQXVc,Babble,test,105.0,106.0,2,speech,0.077,0.0,False
Asm_SlfTbgAyOEI,Asm,test,38.0,39.0,2,speech,0.056,0.0,False
Asm_SlfTbgAyOEI,Asm,test,30.5,31.5,2,speech,0.019,0.0,False
Asm_jE6x0TXsYUc,Asm,dev,11.0,12.0,2,speech,0.047,0.0,False
Asm__P1ah40ZIkM,Asm,dev,43.0,44.0,2,speech,0.011,0.0,False
Asm_XHdsNxh9C7k,Asm,test,114.0,115.0,2,speech,0.08,1.0,False
Babble_sJUl4CH4f-c,Babble,dev,114.5,115.5,2,speech,0.089,0.0,False
Babble_sJUl4CH4f-c,Babble,dev,110.0,111.0,2,speech,0.074,0.0,True
Babble_sJUl4CH4f-c,Babble,dev,68.5,69.5,2,speech,0.097,0.0,False
Babble_sJUl4CH4f-c,Babble,dev,62.0,63.0,2,speech,0.092,1.0,False
Babble_sJUl4CH4f-c,Babble,dev,53.0,54.0,2,speech,0.095,0.0,False
Babble_sJUl4CH4f-c,Babble,dev,38.0,39.0,2,speech,0.094,0.0,False
Babble_sJUl4CH4f-c,Babble,dev,14.0,15.0,2,speech,0.097,0.0,False
Babble_oGtH8v0qVBc,Babble,test,60.5,61.5,2,speech,0.046,0.0,False
Babble_oGtH8v0qVBc,Babble,test,44.0,45.0,2,speech,0.065,0.0,False
Babble_mLld3JVwxew,Babble,test,117.5,118.5,2,speech,0.058,1.0,False
Asm_jE6x0TXsYUc,Asm,dev,69.0,70.0,2,speech,0.059,0.0,False
Asm_jE6x0TXsYUc,Asm,dev,67.5,68.5,2,speech,0.047,0.0,False
Asm_jE6x0TXsYUc,Asm,dev,59.5,60.5,2,speech,0.034,0.0,False
Asm_jE6x0TXsYUc,Asm,dev,50.5,51.5,2,speech,0.044,0.0,False
Asm_jE6x0TXsYUc,Asm,dev,46.5,47.5,2,speech,0.017,0.0,False
Asm_jE6x0TXsYUc,Asm,dev,30.5,31.5,2,speech,0.038,0.0,False
Asm_SlfTbgAyOEI,Asm,test,118.0,119.0,2,speech,0.018,0.0,False
Babble_mLld3JVwxew,Babble,test,95.0,96.0,2,speech,0.079,0.0,False
Babble_mLld3JVwxew,Babble,test,93.0,94.0,2,speech,0.07,1.0,False
Babble_mLld3JVwxew,Babble,test,91.0,92.0,2,speech,0.06,1.0,False
Asm_8cp9laDLaiM,Asm,test,87.5,88.5,2,speech,0.017,0.0,False
Asm_8cp9laDLaiM,Asm,test,70.0,71.0,2,speech,0.019,0.0,False
Asm_8cp9laDLaiM,Asm,test,63.5,64.5,2,speech,0.006,0.0,False
Asm_8cp9laDLaiM,Asm,test,31.5,32.5,2,speech,0.035,0.0,False
Asm_47Tep2TwUBw,Asm,test,109.5,110.5,2,speech,0.027,0.0,False
Asm_47Tep2TwUBw,Asm,test,96.5,97.5,2,speech,0.03,0.0,False
Asm_SlfTbgAyOEI,Asm,test,13.5,14.5,2,speech,0.037,0.0,False
Asm_O_DCdDWGv_s,Asm,dev,94.0,95.0,2,speech,0.059,1.0,False
Asm_O_DCdDWGv_s,Asm,dev,24.0,25.0,2,speech,0.09,0.5,False
Asm_jE6x0TXsYUc,Asm,dev,119.0,120.0,2,speech,0.025,0.0,False
Asm_jE6x0TXsYUc,Asm,dev,112.5,113.5,2,speech,0.044,0.0,False
Asm_jE6x0TXsYUc,Asm,dev,97.5,98.5,2,speech,0.045,0.0,False
Babble_mLld3JVwxew,Babble,test,62.0,63.0,2,speech,0.081,0.0,False
Babble_mLld3JVwxew,Babble,test,33.0,34.0,2,speech,0.042,0.0,False
Babble_mLld3JVwxew,Babble,test,25.0,26.0,2,speech,0.064,1.0,False
Babble_UnhpCJ5tkW4,Babble,test,94.5,95.5,2,speech,0.079,0.0,False
Babble_UnhpCJ5tkW4,Babble,test,58.0,59.0,2,speech,0.093,0.0,False
Babble_UnhpCJ5tkW4,Babble,test,41.0,42.0,2,speech,0.085,0.0,False
Babble_UnhpCJ5tkW4,Babble,test,38.0,39.0,2,speech,0.071,0.0,False
Babble_UnhpCJ5tkW4,Babble,test,25.5,26.5,2,speech,0.09,0.0,False
Asm_k1HOigOPG5Q,Asm,dev,34.0,35.0,2,speech,0.032,0.0,False
Asm_MUgbipftcgs,Asm,test,41.5,42.5,2,speech,0.009,0.0,False
Asm_MUgbipftcgs,Asm,test,39.0,40.0,2,speech,0.042,0.0,False
Asm_MUgbipftcgs,Asm,test,32.0,33.0,2,speech,0.007,0.0,False
Asm_KtEz6DSAgsc,Asm,test,115.0,116.0,2,speech,0.008,0.0,False
Asm_KtEz6DSAgsc,Asm,test,62.5,63.5,2,speech,0.039,0.0,False
Asm_jGAaWXOnFTw,Asm,test,116.0,117.0,2,speech,0.049,0.0,False
Asm_jGAaWXOnFTw,Asm,test,99.5,100.5,2,speech,0.027,0.0,False
Asm_jGAaWXOnFTw,Asm,test,79.0,80.0,2,speech,0.011,0.0,False
Asm_jGAaWXOnFTw,Asm,test,60.5,61.5,2,speech,0.041,0.0,False
Asm_FfyD6meDspM,Asm,test,24.0,25.0,2,speech,0.049,0.0,False
Asm_FfyD6meDspM,Asm,test,12.5,13.5,2,speech,0.061,0.0,False
Asm_B3tUIst9qSk,Asm,test,80.0,81.0,2,speech,0.006,0.0,False
Babble_IKB3Qiglyro,Babble,test,94.0,95.0,2,speech,0.081,0.0,False
Babble_BkUlhr0kIXU,Babble,test,77.5,78.5,2,speech,0.051,0.0,True
Babble_BkUlhr0kIXU,Babble,test,64.0,65.0,2,speech,0.025,0.0,True
Babble_BkUlhr0kIXU,Babble,test,16.0,17.0,2,speech,0.069,0.0,False
Babble_BkUlhr0kIXU,Babble,test,12.5,13.5,2,speech,0.058,0.0,False
Asm_KtEz6DSAgsc,Asm,test,7.0,8.0,2,speech,0.018,0.0,False
Asm_IVnd7RZQhAY,Asm,test,112.0,113.0,2,speech,0.083,0.0,False
Asm_IVnd7RZQhAY,Asm,test,79.0,80.0,2,speech,0.057,0.0,False
Asm_IVnd7RZQhAY,Asm,test,69.5,70.5,2,speech,0.047,0.0,False
Asm_k1HOigOPG5Q,Asm,dev,67.0,68.0,2,speech,0.035,0.0,False
Asm_k1HOigOPG5Q,Asm,dev,51.5,52.5,2,speech,0.033,0.0,False
Babble_7lUPtZheLEU,Babble,test,61.0,62.0,2,speech,0.068,0.0,False
Babble_7lUPtZheLEU,Babble,test,28.0,29.0,2,speech,0.072,0.0,False
Babble_7lUPtZheLEU,Babble,test,6.5,7.5,2,speech,0.083,0.0,False
Babble_7lUPtZheLEU,Babble,test,5.0,6.0,2,speech,0.065,0.0,False
Babble_54VNL7YDimU,Babble,test,110.0,111.0,2,speech,0.073,0.0,False
Babble_54VNL7YDimU,Babble,test,25.5,26.5,2,speech,0.072,0.0,False
Babble_54VNL7YDimU,Babble,test,13.0,14.0,2,speech,0.074,0.0,False
Babble_54VNL7YDimU,Babble,test,4.0,5.0,2,speech,0.099,0.0,False
Babble_2HoIimGWZPM,Babble,test,112.5,113.5,2,speech,0.043,0.0,False
Babble_2HoIimGWZPM,Babble,test,99.0,100.0,2,speech,0.077,0.0,False
Babble_2HoIimGWZPM,Babble,test,72.5,73.5,2,speech,0.055,0.0,False
Babble_2HoIimGWZPM,Babble,test,27.0,28.0,2,speech,0.085,0.0,False
Asm_rPE251YheSA,Asm,test,80.5,81.5,2,speech,0.029,0.0,False
Asm_rPE251YheSA,Asm,test,61.5,62.5,2,speech,0.011,0.0,False
Asm_rPE251YheSA,Asm,test,57.5,58.5,2,speech,0.026,0.0,False
Asm_rPE251YheSA,Asm,test,20.0,21.0,2,speech,0.014,0.0,False
Asm_FfyD6meDspM,Asm,test,85.5,86.5,2,speech,0.074,0.0,False
Asm_FfyD6meDspM,Asm,test,82.5,83.5,2,speech,0.069,0.0,False
Asm_FfyD6meDspM,Asm,test,73.5,74.5,2,speech,0.049,0.0,False
Asm_FfyD6meDspM,Asm,test,46.0,47.0,2,speech,0.027,0.0,False
Asm_zBBli1xhI0M,Asm,test,62.5,63.5,2,speech,0.022,0.0,False
Asm_zBBli1xhI0M,Asm,test,11.0,12.0,2,speech,0.043,0.0,False
Asm_zBBli1xhI0M,Asm,test,3.5,4.5,2,speech,0.02,0.0,False
Asm_rVgWjyQpmzM,Asm,dev,102.5,103.5,2,speech,0.051,0.0,False
Asm_IVnd7RZQhAY,Asm,test,51.5,52.5,2,speech,0.02,0.0,False
Asm_IVnd7RZQhAY,Asm,test,49.0,50.0,2,speech,0.078,0.0,False
Asm_IVnd7RZQhAY,Asm,test,26.5,27.5,2,speech,0.074,0.0,False
Asm_IVnd7RZQhAY,Asm,test,21.5,22.5,2,speech,0.068,0.0,False
Asm_IVnd7RZQhAY,Asm,test,20.0,21.0,2,speech,0.062,0.0,False
Asm_IVnd7RZQhAY,Asm,test,13.5,14.5,2,speech,0.035,0.0,False
Asm_3OfnqBTIGs4,Asm,test,85.5,86.5,2,speech,0.016,0.0,False
Asm_3OfnqBTIGs4,Asm,test,119.0,120.0,2,speech,0.008,0.0,False
Noise_9a4qsMCX81E,Noise,dev,22.0,23.0,2,speech,0.062,0.0,False
Noise_9a4qsMCX81E,Noise,dev,50.0,51.0,2,speech,0.068,0.0,False
Asm_3x5PzivPJ3Q,Asm,test,78.0,79.0,2,speech,0.04,1.0,False
Asm_3x5PzivPJ3Q,Asm,test,73.0,74.0,2,speech,0.068,1.0,False
Noise_S8BrFYIR26Y,Noise,test,56.0,57.0,2,speech,0.001,0.0,False
Noise_snOr94AWKSQ,Noise,test,15.0,15.5,1,speech,0.058,0.0,False
Noise_XoQY_yIVzpE,Noise,test,84.0,84.5,1,non-speech,0.931,0.0,False
Asm_3x5PzivPJ3Q,Asm,test,43.0,43.5,1,speech,0.093,0.0,False
Asm_3x5PzivPJ3Q,Asm,test,64.0,64.5,1,speech,0.09,1.0,False
Asm_3x5PzivPJ3Q,Asm,test,76.0,76.5,1,speech,0.083,1.0,False
Asm_3x5PzivPJ3Q,Asm,test,77.0,77.5,1,speech,0.057,0.0,False
Asm_3x5PzivPJ3Q,Asm,test,80.0,80.5,1,speech,0.035,1.0,False
Asm_3x5PzivPJ3Q,Asm,test,85.0,85.5,1,speech,0.089,0.0,False
Noise_9a4qsMCX81E,Noise,dev,58.0,58.5,1,speech,0.033,0.0,False
Music_X-yJhGcS7U4,Music,test,106.5,107.0,1,speech,0.097,0.0,True
Music_X-yJhGcS7U4,Music,test,102.5,103.0,1,speech,0.046,0.0,True
Asm_XHdsNxh9C7k,Asm,test,88.5,89.0,1,speech,0.086,1.0,False
Asm_XHdsNxh9C7k,Asm,test,83.5,84.0,1,speech,0.087,1.0,False
Asm_XHdsNxh9C7k,Asm,test,75.5,76.0,1,speech,0.088,1.0,False
Asm_XHdsNxh9C7k,Asm,test,70.0,70.5,1,speech,0.052,1.0,False
Asm_XHdsNxh9C7k,Asm,test,37.0,37.5,1,speech,0.067,1.0,False
Asm_XHdsNxh9C7k,Asm,test,33.5,34.0,1,speech,0.077,1.0,False
Asm_XHdsNxh9C7k,Asm,test,31.5,32.0,1,speech,0.079,1.0,False
Asm_XHdsNxh9C7k,Asm,test,28.0,28.5,1,speech,0.072,1.0,False
Asm_XHdsNxh9C7k,Asm,test,23.5,24.0,1,speech,0.091,1.0,False
Asm_XHdsNxh9C7k,Asm,test,19.0,19.5,1,speech,0.096,1.0,False
Asm_XHdsNxh9C7k,Asm,test,17.5,18.0,1,speech,0.049,1.0,False
Music_Wa5jDq5wynE,Music,test,24.5,25.0,1,speech,0.001,0.0,True
Music_U2SVCCENLjE,Music,dev,78.5,79.0,1,speech,0.088,0.0,True
Music_U2SVCCENLjE,Music,dev,72.5,73.0,1,speech,0.06,0.0,True
Asm_zBBli1xhI0M,Asm,test,19.0,19.5,1,speech,0.003,0.0,False
Asm_zBBli1xhI0M,Asm,test,13.5,14.0,1,speech,0.008,0.0,False
Asm_y1ucBSGR2Do,Asm,dev,9.0,9.5,1,speech,0.003,0.0,False
Asm_xFLFUD-Knos,Asm,dev,5.5,6.0,1,speech,0.016,0.0,False
Asm_rWk3TjhaVHA,Asm,test,69.0,69.5,1,speech,0.017,0.0,False
Asm_rVgWjyQpmzM,Asm,dev,112.0,112.5,1,speech,0.009,0.0,False
Asm_rVgWjyQpmzM,Asm,dev,109.5,110.0,1,speech,0.006,0.0,False
Asm_rVgWjyQpmzM,Asm,dev,92.5,93.0,1,speech,0.061,0.0,False
Asm_IVnd7RZQhAY,Asm,test,59.5,60.0,1,speech,0.034,0.0,False
Asm_IVnd7RZQhAY,Asm,test,40.5,41.0,1,speech,0.1,0.0,False
Asm_IVnd7RZQhAY,Asm,test,39.5,40.0,1,speech,0.053,0.0,False
Asm_IVnd7RZQhAY,Asm,test,28.5,29.0,1,speech,0.048,0.0,False
Asm_IVnd7RZQhAY,Asm,test,23.0,23.5,1,speech,0.098,0.0,False
Asm_IVnd7RZQhAY,Asm,test,10.5,11.0,1,speech,0.086,0.0,False
Asm_rVgWjyQpmzM,Asm,dev,84.5,85.0,1,speech,0.024,0.0,False
Asm_rVgWjyQpmzM,Asm,dev,7.5,8.0,1,speech,0.027,0.0,False
Asm_FfyD6meDspM,Asm,test,104.5,105.0,1,speech,0.07,0.0,False
Asm_FfyD6meDspM,Asm,test,88.5,89.0,1,speech,0.064,0.0,False
Asm_FfyD6meDspM,Asm,test,79.5,80.0,1,speech,0.047,0.0,False
Asm_FfyD6meDspM,Asm,test,64.5,65.0,1,speech,0.085,0.0,False
Asm_FfyD6meDspM,Asm,test,63.0,63.5,1,speech,0.086,0.0,False
Asm_FfyD6meDspM,Asm,test,60.5,61.0,1,speech,0.048,0.0,False
Asm_FfyD6meDspM,Asm,test,54.0,54.5,1,speech,0.027,1.0,False
Asm_zBBli1xhI0M,Asm,test,113.0,113.5,1,speech,0.017,1.0,False
Asm_zBBli1xhI0M,Asm,test,94.0,94.5,1,speech,0.008,0.0,False
Asm_zBBli1xhI0M,Asm,test,88.0,88.5,1,speech,0.021,0.0,False
Asm_zBBli1xhI0M,Asm,test,82.0,82.5,1,speech,0.029,0.0,False
Asm_zBBli1xhI0M,Asm,test,65.0,65.5,1,speech,0.01,0.0,False
Asm_zBBli1xhI0M,Asm,test,60.5,61.0,1,speech,0.014,0.0,False
Asm_zBBli1xhI0M,Asm,test,51.5,52.0,1,speech,0.013,0.0,False
Asm_zBBli1xhI0M,Asm,test,33.0,33.5,1,speech,0.018,0.0,False
Asm_zBBli1xhI0M,Asm,test,26.0,26.5,1,speech,0.003,0.0,False
Babble_2HoIimGWZPM,Babble,test,22.0,22.5,1,speech,0.064,0.0,False
Babble_0RLrdoIo-kc,Babble,dev,7.0,7.5,1,speech,0.076,0.0,False
Asm_rVgWjyQpmzM,Asm,dev,6.5,7.0,1,speech,0.022,0.0,False
Asm_rPE251YheSA,Asm,test,111.5,112.0,1,speech,0.024,0.0,False
Asm_rPE251YheSA,Asm,test,109.5,110.0,1,speech,0.009,0.0,False
Asm_rPE251YheSA,Asm,test,83.0,83.5,1,speech,0.076,0.0,False
Asm_rPE251YheSA,Asm,test,78.0,78.5,1,speech,0.037,0.0,False
Asm_rPE251YheSA,Asm,test,72.5,73.0,1,speech,0.093,0.0,False
Asm_rPE251YheSA,Asm,test,48.5,49.0,1,speech,0.058,0.0,False
Asm_rPE251YheSA,Asm,test,36.5,37.0,1,speech,0.012,0.0,False
Asm_rPE251YheSA,Asm,test,28.0,28.5,1,speech,0.011,0.0,False
Asm_rPE251YheSA,Asm,test,12.5,13.0,1,speech,0.037,0.0,False
Asm_pIvI9UszMc4,Asm,test,83.5,84.0,1,speech,0.013,0.0,False
Asm_k1HOigOPG5Q,Asm,dev,101.5,102.0,1,speech,0.021,0.0,False
Asm_IVnd7RZQhAY,Asm,test,5.0,5.5,1,speech,0.044,0.0,False
Asm_IVnd7RZQhAY,Asm,test,3.0,3.5,1,speech,0.088,0.0,False
Babble_54VNL7YDimU,Babble,test,99.5,100.0,1,speech,0.095,0.0,False
Babble_54VNL7YDimU,Babble,test,90.5,91.0,1,speech,0.091,0.0,False
Babble_54VNL7YDimU,Babble,test,78.5,79.0,1,speech,0.064,0.0,False
Babble_54VNL7YDimU,Babble,test,77.5,78.0,1,speech,0.099,0.0,False
Babble_54VNL7YDimU,Babble,test,62.5,63.0,1,speech,0.099,0.0,False
Babble_54VNL7YDimU,Babble,test,54.0,54.5,1,speech,0.057,0.0,False
Babble_54VNL7YDimU,Babble,test,37.5,38.0,1,speech,0.04,0.0,False
Babble_54VNL7YDimU,Babble,test,32.0,32.5,1,speech,0.083,0.0,False
Babble_54VNL7YDimU,Babble,test,24.5,25.0,1,speech,0.069,0.0,False
Babble_54VNL7YDimU,Babble,test,22.0,22.5,1,speech,0.098,0.0,False
Babble_54VNL7YDimU,Babble,test,20.0,20.5,1,speech,0.071,0.0,True
Babble_54VNL7YDimU,Babble,test,18.0,18.5,1,speech,0.096,0.0,False
Babble_54VNL7YDimU,Babble,test,11.5,12.0,1,speech,0.07,0.0,False
Babble_54VNL7YDimU,Babble,test,2.5,3.0,1,speech,0.059,0.0,False
Babble_2HoIimGWZPM,Babble,test,86.0,86.5,1,speech,0.096,0.0,False
Babble_2HoIimGWZPM,Babble,test,62.0,62.5,1,speech,0.075,0.0,False
Babble_BkUlhr0kIXU,Babble,test,31.5,32.0,1,speech,0.043,0.0,True
Babble_7lUPtZheLEU,Babble,test,84.0,84.5,1,speech,0.087,0.0,False
Babble_7lUPtZheLEU,Babble,test,75.0,75.5,1,speech,0.082,0.0,False
Babble_7lUPtZheLEU,Babble,test,64.5,65.0,1,speech,0.062,0.0,False
Asm_IVnd7RZQhAY,Asm,test,115.5,116.0,1,speech,0.097,0.0,False
Asm_IVnd7RZQhAY,Asm,test,105.5,106.0,1,speech,0.088,0.0,False
Asm_IVnd7RZQhAY,Asm,test,92.0,92.5,1,speech,0.087,0.0,False
Asm_IVnd7RZQhAY,Asm,test,81.5,82.0,1,speech,0.068,0.0,False
Asm_IVnd7RZQhAY,Asm,test,80.5,81.0,1,speech,0.024,0.0,False
Asm_IVnd7RZQhAY,Asm,test,77.5,78.0,1,speech,0.061,0.0,False
Asm_IVnd7RZQhAY,Asm,test,72.5,73.0,1,speech,0.079,0.0,False
Asm_k1HOigOPG5Q,Asm,dev,73.0,73.5,1,speech,0.019,0.0,False
Asm_k1HOigOPG5Q,Asm,dev,62.5,63.0,1,speech,0.029,0.0,False
Asm_k1HOigOPG5Q,Asm,dev,60.5,61.0,1,speech,0.03,0.0,False
Babble_7lUPtZheLEU,Babble,test,9.0,9.5,1,speech,0.066,0.0,False
Babble_54VNL7YDimU,Babble,test,112.5,113.0,1,speech,0.096,0.0,False
Babble_IKB3Qiglyro,Babble,test,59.0,59.5,1,speech,0.086,0.0,True
Babble_IKB3Qiglyro,Babble,test,46.0,46.5,1,speech,0.07,0.0,False
Babble_IKB3Qiglyro,Babble,test,42.5,43.0,1,speech,0.085,0.0,False
Babble_IKB3Qiglyro,Babble,test,25.0,25.5,1,speech,0.079,0.0,False
Babble_IKB3Qiglyro,Babble,test,22.0,22.5,1,speech,0.078,0.0,False
Babble_IKB3Qiglyro,Babble,test,11.0,11.5,1,speech,0.087,0.0,False
Babble_E26RNN6sKW0,Babble,test,52.0,52.5,1,speech,0.058,0.0,False
Babble_E26RNN6sKW0,Babble,test,50.5,51.0,1,speech,0.092,0.0,True
Babble_E26RNN6sKW0,Babble,test,5.0,5.5,1,speech,0.031,0.0,False
Babble_BkUlhr0kIXU,Babble,test,118.0,118.5,1,speech,0.071,0.0,True
Babble_BkUlhr0kIXU,Babble,test,115.5,116.0,1,speech,0.014,0.0,True
Babble_BkUlhr0kIXU,Babble,test,83.0,83.5,1,speech,0.071,0.0,False
Babble_BkUlhr0kIXU,Babble,test,75.0,75.5,1,speech,0.081,0.0,True
Babble_BkUlhr0kIXU,Babble,test,72.0,72.5,1,speech,0.035,0.0,True
Babble_BkUlhr0kIXU,Babble,test,52.5,53.0,1,speech,0.031,0.0,True
Babble_BkUlhr0kIXU,Babble,test,48.0,48.5,1,speech,0.05,0.0,True
Asm_FfyD6meDspM,Asm,test,16.5,17.0,1,speech,0.054,0.0,False
Asm_FfyD6meDspM,Asm,test,1.0,1.5,1,speech,0.027,0.0,False
Asm_E_ZZn6St3vw,Asm,test,11.5,12.0,1,speech,0.06,0.0,False
Asm_B3tUIst9qSk,Asm,test,54.5,55.0,1,speech,0.013,0.0,False
Asm_B3tUIst9qSk,Asm,test,36.5,37.0,1,speech,0.007,0.0,False
Asm_8cp9laDLaiM,Asm,test,118.5,119.0,1,speech,0.054,0.0,False
Asm_8cp9laDLaiM,Asm,test,117.5,118.0,1,speech,0.034,0.0,False
Asm_8cp9laDLaiM,Asm,test,109.0,109.5,1,speech,0.023,0.0,False
Babble_UnhpCJ5tkW4,Babble,test,5.0,5.5,1,speech,0.093,0.0,False
Babble_UnhpCJ5tkW4,Babble,test,2.5,3.0,1,speech,0.097,0.0,False
Babble_UnhpCJ5tkW4,Babble,test,0.0,0.5,1,speech,0.032,0.0,False
Babble_Mckcmh-OU5M,Babble,dev,46.5,47.0,1,speech,0.078,0.0,False
Babble_Mckcmh-OU5M,Babble,dev,6.0,6.5,1,speech,0.095,0.0,False
Babble_IKB3Qiglyro,Babble,test,104.5,105.0,1,speech,0.087,0.0,False
Babble_IKB3Qiglyro,Babble,test,91.0,91.5,1,speech,0.086,0.0,False
Babble_IKB3Qiglyro,Babble,test,86.5,87.0,1,speech,0.1,0.0,True
Babble_UnhpCJ5tkW4,Babble,test,69.5,70.0,1,speech,0.09,1.0,False
Babble_UnhpCJ5tkW4,Babble,test,68.5,69.0,1,speech,0.092,0.0,False
Babble_UnhpCJ5tkW4,Babble,test,62.5,63.0,1,speech,0.075,1.0,False
Babble_UnhpCJ5tkW4,Babble,test,55.5,56.0,1,speech,0.091,0.0,False
Babble_UnhpCJ5tkW4,Babble,test,17.5,18.0,1,speech,0.098,1.0,False
Babble_UnhpCJ5tkW4,Babble,test,16.0,16.5,1,speech,0.094,1.0,False
Asm_k1HOigOPG5Q,Asm,dev,30.0,30.5,1,speech,0.051,0.0,False
Asm_MUgbipftcgs,Asm,test,36.0,36.5,1,speech,0.031,0.0,False
Asm_MUgbipftcgs,Asm,test,8.0,8.5,1,speech,0.015,0.0,False
Asm_KtEz6DSAgsc,Asm,test,90.5,91.0,1,speech,0.027,0.0,False
Asm_KtEz6DSAgsc,Asm,test,84.0,84.5,1,speech,0.013,0.0,False
Asm_jGAaWXOnFTw,Asm,test,101.0,101.5,1,speech,0.054,0.0,False
Babble_UnhpCJ5tkW4,Babble,test,13.5,14.0,1,speech,0.095,0.0,False
Babble_UnhpCJ5tkW4,Babble,test,9.5,10.0,1,speech,0.064,0.0,False
Asm_FfyD6meDspM,Asm,test,29.5,30.0,1,speech,0.056,0.0,False
Asm_FfyD6meDspM,Asm,test,28.5,29.0,1,speech,0.093,0.0,False
Babble_mLld3JVwxew,Babble,test,61.0,61.5,1,speech,0.08,0.0,False
Babble_mLld3JVwxew,Babble,test,45.5,46.0,1,speech,0.081,0.0,False
Babble_mLld3JVwxew,Babble,test,31.0,31.5,1,speech,0.064,0.0,False
Babble_mLld3JVwxew,Babble,test,26.5,27.0,1,speech,0.093,0.0,False
Babble_mLld3JVwxew,Babble,test,19.0,19.5,1,speech,0.047,1.0,False
Babble_mLld3JVwxew,Babble,test,17.5,18.0,1,speech,0.075,1.0,False
Babble_mLld3JVwxew,Babble,test,0.0,0.5,1,speech,0.041,0.0,False
Babble_lnGI1NPTIi4,Babble,dev,47.0,47.5,1,speech,0.052,1.0,False
Babble_gSQtLtV8kbQ,Babble,test,56.0,56.5,1,speech,0.082,0.0,False
Babble_gSQtLtV8kbQ,Babble,test,52.5,53.0,1,speech,0.071,0.0,False
Babble_gSQtLtV8kbQ,Babble,test,4.5,5.0,1,speech,0.091,0.0,False
Babble_YDLrtJ5usLo,Babble,test,36.5,37.0,1,speech,0.063,0.0,False
Babble_UnhpCJ5tkW4,Babble,test,103.0,103.5,1,speech,0.089,0.0,False
Babble_UnhpCJ5tkW4,Babble,test,83.5,84.0,1,speech,0.075,0.0,False
Babble_UnhpCJ5tkW4,Babble,test,79.0,79.5,1,speech,0.098,1.0,False
Babble_UnhpCJ5tkW4,Babble,test,70.5,71.0,1,speech,0.084,1.0,False
Asm_47Tep2TwUBw,Asm,test,113.5,114.0,1,speech,0.096,0.0,False
Asm_47Tep2TwUBw,Asm,test,112.5,113.0,1,speech,0.09,0.0,False
Asm_47Tep2TwUBw,Asm,test,108.0,108.5,1,speech,0.062,0.0,False
Asm_47Tep2TwUBw,Asm,test,99.0,99.5,1,speech,0.07,0.0,False
Asm_SlfTbgAyOEI,Asm,test,24.0,24.5,1,speech,0.009,0.0,False
Asm_SlfTbgAyOEI,Asm,test,1.0,1.5,1,speech,0.055,0.0,False
Asm_QkpygCY47ME,Asm,test,111.0,111.5,1,speech,0.016,0.0,False
Asm_O_DCdDWGv_s,Asm,dev,91.0,91.5,1,speech,0.093,1.0,False
Asm_O_DCdDWGv_s,Asm,dev,86.0,86.5,1,speech,0.052,1.0,False
Asm_O_DCdDWGv_s,Asm,dev,81.5,82.0,1,speech,0.047,1.0,False
Asm_O_DCdDWGv_s,Asm,dev,26.0,26.5,1,speech,0.069,0.0,False
Asm_O_DCdDWGv_s,Asm,dev,4.5,5.0,1,speech,0.068,1.0,False
Asm_MUgbipftcgs,Asm,test,108.5,109.0,1,speech,0.009,0.0,False
Asm_jE6x0TXsYUc,Asm,dev,96.5,97.0,1,speech,0.071,0.0,False
Babble_mLld3JVwxew,Babble,test,85.5,86.0,1,speech,0.091,1.0,False
Babble_mLld3JVwxew,Babble,test,80.0,80.5,1,speech,0.083,0.0,False
Babble_mLld3JVwxew,Babble,test,102.5,103.0,1,speech,0.086,0.0,False
Babble_mLld3JVwxew,Babble,test,101.0,101.5,1,speech,0.072,1.0,False
Babble_mLld3JVwxew,Babble,test,99.5,100.0,1,speech,0.065,1.0,False
Babble_mLld3JVwxew,Babble,test,97.0,97.5,1,speech,0.092,0.0,False
Asm_jE6x0TXsYUc,Asm,dev,94.5,95.0,1,speech,0.076,0.0,False
Asm_jE6x0TXsYUc,Asm,dev,92.0,92.5,1,speech,0.021,0.0,False
Asm_jE6x0TXsYUc,Asm,dev,77.0,77.5,1,speech,0.068,0.0,False
Asm_jE6x0TXsYUc,Asm,dev,70.5,71.0,1,speech,0.033,0.0,False
Asm_jE6x0TXsYUc,Asm,dev,62.5,63.0,1,speech,0.07,0.0,False
Asm_jE6x0TXsYUc,Asm,dev,56.5,57.0,1,speech,0.025,0.0,False
Asm_jE6x0TXsYUc,Asm,dev,45.5,46.0,1,speech,0.067,0.0,False
Asm_SlfTbgAyOEI,Asm,test,103.5,104.0,1,speech,0.038,0.0,False
Asm_SlfTbgAyOEI,Asm,test,98.5,99.0,1,speech,0.011,0.0,False
Asm_8cp9laDLaiM,Asm,test,67.5,68.0,1,speech,0.013,0.0,False
Asm_8cp9laDLaiM,Asm,test,40.0,40.5,1,speech,0.022,0.0,False
Asm_8cp9laDLaiM,Asm,test,26.0,26.5,1,speech,0.025,0.0,False
Babble_sJUl4CH4f-c,Babble,dev,113.0,113.5,1,speech,0.094,0.0,False
Babble_sJUl4CH4f-c,Babble,dev,104.5,105.0,1,speech,0.09,0.0,False
Babble_sJUl4CH4f-c,Babble,dev,95.0,95.5,1,speech,0.098,1.0,False
Babble_sJUl4CH4f-c,Babble,dev,92.0,92.5,1,speech,0.098,0.0,False
Babble_sJUl4CH4f-c,Babble,dev,81.0,81.5,1,speech,0.094,0.0,False
Babble_sJUl4CH4f-c,Babble,dev,66.0,66.5,1,speech,0.06,0.0,False
Babble_sJUl4CH4f-c,Babble,dev,50.5,51.0,1,speech,0.084,0.0,False
Babble_sJUl4CH4f-c,Babble,dev,47.0,47.5,1,speech,0.097,0.0,False
Babble_sJUl4CH4f-c,Babble,dev,32.0,32.5,1,speech,0.083,0.0,False
Babble_sJUl4CH4f-c,Babble,dev,24.5,25.0,1,speech,0.079,0.0,False
Babble_sJUl4CH4f-c,Babble,dev,19.0,19.5,1,speech,0.082,0.0,False
Babble_sJUl4CH4f-c,Babble,dev,10.5,11.0,1,speech,0.087,0.0,False
Babble_sJUl4CH4f-c,Babble,dev,3.5,4.0,1,speech,0.091,1.0,False
Babble_sJUl4CH4f-c,Babble,dev,2.5,3.0,1,speech,0.087,1.0,False
Babble_rjsapC5SDHs,Babble,test,109.5,110.0,1,speech,0.05,0.0,False
Babble_oGtH8v0qVBc,Babble,test,69.0,69.5,1,speech,0.013,0.0,False
Babble_sXJLT3kYdhk,Babble,dev,15.0,15.5,1,speech,0.044,0.0,False
Babble_sUOTOHCVGGk,Babble,test,84.5,85.0,1,speech,0.097,0.0,False
Babble_sUOTOHCVGGk,Babble,test,82.5,83.0,1,speech,0.078,0.0,False
Asm_SlfTbgAyOEI,Asm,test,93.5,94.0,1,speech,0.021,0.0,False
Asm_SlfTbgAyOEI,Asm,test,87.0,87.5,1,speech,0.008,0.0,False
Asm_SlfTbgAyOEI,Asm,test,45.0,45.5,1,speech,0.057,0.0,False
Asm_SlfTbgAyOEI,Asm,test,36.0,36.5,1,speech,0.037,0.0,False
Asm_SlfTbgAyOEI,Asm,test,34.0,34.5,1,speech,0.006,0.0,False
Asm_SlfTbgAyOEI,Asm,test,26.0,26.5,1,speech,0.017,0.0,False
Asm__P1ah40ZIkM,Asm,dev,71.0,71.5,1,speech,0.029,0.0,False
Asm_XHdsNxh9C7k,Asm,test,115.5,116.0,1,speech,0.095,1.0,False
Asm_XHdsNxh9C7k,Asm,test,101.0,101.5,1,speech,0.062,1.0,False
Asm_XHdsNxh9C7k,Asm,test,99.5,100.0,1,speech,0.073,1.0,False
Asm_XHdsNxh9C7k,Asm,test,89.5,90.0,1,speech,0.037,1.0,False
Babble_sJUl4CH4f-c,Babble,dev,117.5,118.0,1,speech,0.061,0.0,False
Babble_sJUl4CH4f-c,Babble,dev,116.5,117.0,1,speech,0.097,0.0,True
Music_725WlG1idPc,Music,test,36.5,37.0,1,speech,0.088,0.0,True
Music_725WlG1idPc,Music,test,31.0,31.5,1,speech,0.054,0.0,True
Music_2TvWZEVf6go,Music,test,7.5,8.0,1,speech,0.008,0.0,False
Music_1vrEljMfXYo,Music,dev,96.0,96.5,1,speech,0.072,0.0,True
Music_1vrEljMfXYo,Music,dev,93.0,93.5,1,speech,0.072,0.0,True
Music_1PN4KCVOPRk,Music,dev,18.5,19.0,1,speech,0.001,0.0,True
Clean__jGjPZuBMZg,Clean,test,72.0,72.5,1,speech,0.014,0.0,False
Babble_zRrkB2DeqBQ,Babble,dev,119.5,120.0,1,speech,0.061,0.0,False
Babble_zRrkB2DeqBQ,Babble,dev,112.5,113.0,1,speech,0.076,0.0,True
Asm_47Tep2TwUBw,Asm,test,88.5,89.0,1,speech,0.062,0.0,False
Asm_47Tep2TwUBw,Asm,test,86.0,86.5,1,speech,0.046,0.0,False
Asm_47Tep2TwUBw,Asm,test,68.0,68.5,1,speech,0.073,0.0,False
Asm_47Tep2TwUBw,Asm,test,45.5,46.0,1,speech,0.046,0.0,False
Babble_vZLIiLuDvgM,Babble,dev,110.5,111.0,1,speech,0.077,0.0,False
Babble_s_m1QKaQXVc,Babble,test,108.5,109.0,1,speech,0.093,0.0,True
Babble_s_m1QKaQXVc,Babble,test,54.5,55.0,1,speech,0.048,0.0,False
Music_U2SVCCENLjE,Music,dev,48.5,49.0,1,speech,0.071,0.0,True
Music_HLeYvefzUFA,Music,test,108.5,109.0,1,speech,0.072,0.0,True
Music_HLeYvefzUFA,Music,test,24.0,24.5,1,speech,0.091,0.0,True
Music_Em7vc8NWUNY,Music,dev,77.5,78.0,1,speech,0.038,0.0,True
Music_Em7vc8NWUNY,Music,dev,65.0,65.5,1,speech,0.094,0.0,True
Music_D_uLM5i0Z4c,Music,test,84.0,84.5,1,speech,0.047,0.0,True
Music_D_uLM5i0Z4c,Music,test,78.0,78.5,1,speech,0.1,0.0,True
Music_D_uLM5i0Z4c,Music,test,65.5,66.0,1,speech,0.099,0.0,True
Music_CcUD7Lcjgek,Music,test,116.0,116.5,1,speech,0.063,0.0,True
Music_CcUD7Lcjgek,Music,test,71.0,71.5,1,speech,0.087,0.0,True
Music_CcUD7Lcjgek,Music,test,46.5,47.0,1,speech,0.02,1.0,True
Music_CcUD7Lcjgek,Music,test,2.0,2.5,1,speech,0.024,0.0,True
Music_725WlG1idPc,Music,test,105.0,105.5,1,speech,0.047,0.0,True
Music_725WlG1idPc,Music,test,97.0,97.5,1,speech,0.043,0.0,True
Music_725WlG1idPc,Music,test,56.5,57.0,1,speech,0.055,0.0,True
Music_725WlG1idPc,Music,test,39.0,39.5,1,speech,0.026,0.0,True
Noise_9a4qsMCX81E,Noise,dev,60.5,61.0,1,speech,0.048,0.0,False
Asm_3OfnqBTIGs4,Asm,test,28.0,28.5,1,speech,0.039,0.0,False
Asm_3OfnqBTIGs4,Asm,test,46.5,47.0,1,speech,0.018,0.0,False
Noise_D-td0OEk0HY,Noise,test,5.5,6.0,1,non-speech,0.98,0.0,False
Noise_C7Kez-mefBU,Noise,dev,13.5,14.0,1,speech,0.0,0.0,False
Noise_BAw342Xqxhs,Noise,test,113.5,114.0,1,speech,0.099,0.0,False
Noise_BAw342Xqxhs,Noise,test,86.5,87.0,1,speech,0.05,0.0,True
Music_hnjGqS1Doto,Music,dev,77.0,77.5,1,speech,0.056,0.0,True
Asm_3x5PzivPJ3Q,Asm,test,86.0,86.5,1,speech,0.054,1.0,False
Noise_snOr94AWKSQ,Noise,test,7.5,8.0,1,speech,0.098,0.0,False
Noise_sXJLT3kYdhk,Noise,test,15.0,15.5,1,speech,0.044,0.0,False
Noise_mZVPAwf9LUA,Noise,test,26.5,27.0,1,speech,0.002,0.0,False
Noise_mZVPAwf9LUA,Noise,test,13.5,14.0,1,speech,0.001,0.0,False
Noise_mZVPAwf9LUA,Noise,test,10.5,11.0,1,speech,0.001,0.0,False
Music_gwDoRPcPxtc,Music,test,15.5,16.0,1,non-speech,0.95,0.0,False
Music_a7fzkqLozwA,Music,test,68.5,69.0,1,non-speech,0.902,0.0,False
Noise_BAw342Xqxhs,Noise,test,50.0,50.5,1,speech,0.033,0.0,False
Noise_BAw342Xqxhs,Noise,test,26.5,27.0,1,speech,0.089,0.0,False
Noise_9a4qsMCX81E,Noise,dev,70.0,70.5,1,speech,0.021,0.0,False
Asm_3x5PzivPJ3Q,Asm,test,41.5,42.0,1,speech,0.083,0.0,False
Noise_9a4qsMCX81E,Noise,dev,23.5,24.0,1,speech,0.07,0.0,False
Music_xXEx0DyIMks,Music,test,107.5,108.0,1,speech,0.068,0.0,True
Music_rxovPkgqOXc,Music,test,79.5,80.0,1,speech,0.069,0.0,True
Music_nb8CnIo_-_A,Music,test,81.5,82.0,1,speech,0.081,0.0,True
Music_nb8CnIo_-_A,Music,test,78.5,79.0,1,speech,0.071,0.0,True
Music_nb8CnIo_-_A,Music,test,77.0,77.5,1,speech,0.097,0.0,True
Music_nb8CnIo_-_A,Music,test,66.0,66.5,1,speech,0.066,1.0,True
Music_nb8CnIo_-_A,Music,test,61.0,61.5,1,speech,0.085,1.0,True
Music_ic8j13piAhQ,Music,test,26.5,27.0,1,speech,0.062,0.0,True
Asm_XHdsNxh9C7k,Asm,test,7.5,8.0,1,speech,0.083,0.0,False
Asm_XHdsNxh9C7k,Asm,test,1.0,1.5,1,speech,0.089,1.0,False
Asm_XHdsNxh9C7k,Asm,test,0.0,0.5,1,speech,0.08,0.0,False
