file,lag_s,peak_corr,flag
Asm_1.txt,-0.12,0.7967312642136652,
Asm_10.txt,-0.16,0.8812904425088173,
Asm_11.txt,0.02,0.9377554849140618,
Asm_12.txt,0.0,0.8797678515647712,
Asm_13.txt,-0.08,0.8990298331340604,
Asm_14.txt,0.08,0.982884009530795,
Asm_15.txt,0.06,0.9633678565175929,
Asm_16.txt,-0.08,0.916934139687398,
Asm_17.txt,0.02,0.8260447887085653,
Asm_18.txt,-0.02,0.9012765686419397,
Asm_19.txt,0.12,0.8980322877885665,
Asm_20.txt,-0.02,0.8678449016177924,
Asm_22.txt,-0.02,0.9248289694951075,
Asm_23.txt,-0.04,0.9142851341220389,
Asm_24.txt,0.12,0.8319140926273934,
Asm_25.txt,0.0,0.8011145141503057,
Asm_26.txt,-0.04,0.9282446209347186,
Asm_27.txt,-0.04,0.9099068028914362,
Asm_28.txt,-0.1,0.9148336161387545,
Asm_29.txt,-0.06,0.8773328470911697,
Asm_3.txt,0.08,0.8646501350838622,
Asm_30.txt,0.08,0.9669091515595258,
Asm_4.txt,0.18,0.8675540979144389,
Asm_5.txt,0.06,0.8060597089927729,
Asm_6.txt,0.04,0.8324218293531747,
Asm_8.txt,-0.08,0.9319918517503364,
Asm_9.txt,-0.02,0.9426387436796152,
Babble_1.txt,0.16,0.6166993108107299,
Babble_10.txt,0.08,0.8820844139455731,
Babble_11.txt,0.06,0.845110271430082,
Babble_12.txt,0.02,0.6790047877837648,
Babble_13.txt,0.04,0.8740135957126394,
Babble_14.txt,0.02,0.8266734980400788,
Babble_15.txt,0.26,0.5297814348701237,Cần xem
Babble_16.txt,0.04,0.6545088749886407,
Babble_17.txt,0.12,0.59557069708194,
Babble_18.txt,-0.18,0.9256415382296029,
Babble_19.txt,-0.06,0.7740923098468615,
Babble_2.txt,0.06,0.8890927502042661,
Babble_20.txt,0.06,0.8280290038916701,
Babble_21.txt,-0.02,0.9572522288672171,
Babble_22.txt,0.06,0.8234800774916747,
Babble_23.txt,0.02,0.7345223063017242,
Babble_24.txt,0.12,0.7525931296282564,
Babble_25.txt,-0.08,0.9194309601222921,
Babble_26.txt,-0.02,0.7665023520968177,
Babble_27.txt,-0.02,0.8484722271750128,
Babble_28.txt,0.12,0.8934724809744861,
Babble_29.txt,0.04,0.9757169374683337,
Babble_3.txt,-0.66,0.9092952165893609,Lệch ~1 bin
Babble_4.txt,0.02,0.7596408252188662,
Babble_5.txt,-0.14,0.7677543474238162,
Babble_6.txt,0.06,0.877777280327402,
Babble_7.txt,-0.06,0.9093218151752761,
Babble_8.txt,0.02,0.8028112132131641,
Babble_9.txt,-0.14,0.7167378729782701,
Clean_1.txt,0.1,0.9758963940226262,
Clean_10.txt,-0.08,0.9616530452566424,
Clean_11.txt,-0.1,0.8479915611127282,
Clean_12.txt,-0.08,0.9548501211791711,
Clean_13.txt,-0.08,0.6849417138056624,
Clean_14.txt,0.12,0.9151794062307161,
Clean_15.txt,-0.14,0.9406025102093049,
Clean_16.txt,-0.08,0.8489249456097315,
Clean_17.txt,-0.02,0.7313066618087689,
Clean_18.txt,0.1,0.9523368450435036,
Clean_19.txt,-0.06,0.9321304903699298,
Clean_2.txt,-0.06,0.8112271566629204,
Clean_20.txt,-0.04,0.9571804877888347,
Clean_21.txt,0.02,0.9453873128773834,
Clean_22.txt,0.06,0.8370760209663134,
Clean_23.txt,-0.02,0.9399456319130064,
Clean_24.txt,-0.12,0.8500718988764251,
Clean_25.txt,-0.08,0.9114097500272822,
Clean_26.txt,-0.04,0.8556676666468414,
Clean_27.txt,-0.08,0.944979258712672,
Clean_28.txt,0.06,0.9056749984568331,
Clean_29.txt,-0.12,0.935924665410853,
Clean_3.txt,-0.12,0.9433386148912717,
Clean_30.txt,-0.16,0.873332091733497,
Clean_4.txt,-0.02,0.9229182807408157,
Clean_5.txt,0.02,0.9013648903704092,
Clean_6.txt,0.1,0.9198312005580317,
Clean_7.txt,-0.4,0.8826089555887097,Lệch ~1 bin
Clean_8.txt,0.06,0.938480783824697,
Clean_9.txt,0.12,0.8628878213155553,
Music_1.txt,-0.08,0.9482881688092346,
Music_10.txt,0.08,0.8042279068324995,
Music_11.txt,0.04,0.8717518927150201,
Music_13.txt,0.22,0.601113622331622,Cần xem
Music_14.txt,-0.26,0.7236262649380235,Cần xem
Music_16.txt,0.16,0.9485207072997122,
Music_17.txt,0.12,0.8670727737330367,
Music_18.txt,-0.04,0.7155136729521486,
Music_19.txt,0.04,0.8754324272079456,
Music_2.txt,-0.04,0.8886205134135937,
Music_20.txt,0.06,0.8651009112916361,
Music_21.txt,-0.24,0.8088233601089819,Cần xem
Music_22.txt,0.06,0.7690247984231611,
Music_23.txt,-0.06,0.8134233054722976,
Music_24.txt,0.06,0.9503930631015833,
Music_25.txt,-0.04,0.8929551970866665,
Music_26.txt,-0.16,0.7905843741407692,
Music_27.txt,0.16,0.9432653213227565,
Music_28.txt,0.08,0.9062428227202945,
Music_30.txt,0.1,0.7491625926746751,
Music_5.txt,0.12,0.8603439081415597,
Music_6.txt,0.02,0.8761786128826586,
Music_7.txt,-0.04,0.7257910186598113,
Music_8.txt,0.1,0.78897000680731,
Music_9.txt,-0.02,0.9513255737696179,
Noise_1.txt,0.2,0.583972931590073,
Noise_10.txt,-0.02,0.8865541172036243,
Noise_11.txt,0.02,0.9173052335006839,
Noise_12.txt,-0.54,0.8848166701056596,Lệch ~1 bin
Noise_13.txt,-0.1,0.9425976104780975,
Noise_14.txt,-0.14,0.924394221415014,
Noise_15.txt,0.02,0.8360483502490683,
Noise_17.txt,0.06,0.9177735155439466,
Noise_18.txt,0.36,0.5711654945017716,Cần xem
Noise_19.txt,0.06,0.9356850073821507,
Noise_2.txt,-0.04,0.8721103169793066,
Noise_20.txt,0.26,0.9343648030403577,Cần xem
Noise_21.txt,0.02,0.939640455520484,
Noise_22.txt,0.14,0.5534743504472723,
Noise_23.txt,-0.04,0.899057657912359,
Noise_24.txt,0.26,0.8191140003469716,Cần xem
Noise_25.txt,-0.08,0.8856671684893753,
Noise_26.txt,-0.02,0.3502723869579474,
Noise_27.txt,0.02,0.7635299062348498,
Noise_28.txt,0.02,0.9284374922780658,
Noise_29.txt,0.02,0.8585832241736063,
Noise_3.txt,0.26,0.38057813902594073,Cần xem
Noise_30.txt,0.04,0.8727488320383151,
Noise_4.txt,-0.08,0.5006897454881292,
Noise_5.txt,0.02,0.8736896836225571,
Noise_6.txt,-0.16,0.9172098569665641,
Noise_7.txt,0.04,0.8843125378980172,
Noise_8.txt,-0.02,0.8804408880817531,
Noise_9.txt,-0.08,0.9496352454152551,
