shift_s,F1_start,F1_center
-0.96,0.5736149372513009,0.6517747858017136
-0.88,0.5861858190709046,0.6723926380368098
-0.8,0.6002444987775061,0.6932270916334662
-0.72,0.6120952962736713,0.7212009803921569
-0.64,0.6232329440688383,0.7462411782755446
-0.56,0.634011090573013,0.77357910906298
-0.48,0.6517747858017136,0.7976665643229967
-0.4,0.6723926380368098,0.8259932245149368
-0.32,0.6932270916334662,0.8523076923076923
-0.24,0.7212009803921569,0.885679164105716
-0.16,0.7462411782755446,0.9122160834868017
-0.08,0.77357910906298,0.9384993849938499
0.0,0.7976665643229967,0.9531153608883405
0.08,0.8259932245149368,0.9376158122297714
0.16,0.8523076923076923,0.9171817058096415
0.24,0.885679164105716,0.884781269254467
0.32,0.9122160834868017,0.853440296204875
0.4,0.9384993849938499,0.8250927070457355
0.48,0.9531153608883405,0.7993808049535603
0.56,0.9376158122297714,0.7725162488393686
0.64,0.9171817058096415,0.7510077519379845
0.72,0.884781269254467,0.7264325323475046
0.8,0.8530864197530864,0.7018193031144002
0.88,0.8250927070457355,0.6777880753784368
0.96,0.7993808049535603,0.6549056019808109
