file,n_bins,last_end,first_start,hop_ok,win_ok,score_ok,dur_flag
Asm_1.txt,20,10.0,0.0,True,True,True,False
Asm_10.txt,20,10.0,0.0,True,True,True,False
Asm_11.txt,20,10.0,0.0,True,True,True,False
Asm_12.txt,20,10.0,0.0,True,True,True,False
Asm_13.txt,20,10.0,0.0,True,True,True,False
Asm_14.txt,20,10.0,0.0,True,True,True,False
Asm_15.txt,20,10.0,0.0,True,True,True,False
Asm_16.txt,20,10.0,0.0,True,True,True,False
Asm_17.txt,20,10.0,0.0,True,True,True,False
Asm_18.txt,20,10.0,0.0,True,True,True,False
Asm_19.txt,20,10.0,0.0,True,True,True,False
Asm_2.txt,20,10.0,0.0,True,True,True,False
Asm_20.txt,20,10.0,0.0,True,True,True,False
Asm_21.txt,20,10.0,0.0,True,True,True,False
Asm_22.txt,20,10.0,0.0,True,True,True,False
Asm_23.txt,20,10.0,0.0,True,True,True,False
Asm_24.txt,20,10.0,0.0,True,True,True,False
Asm_25.txt,20,10.0,0.0,True,True,True,False
Asm_26.txt,20,10.0,0.0,True,True,True,False
Asm_27.txt,20,10.0,0.0,True,True,True,False
Asm_28.txt,20,10.0,0.0,True,True,True,False
Asm_29.txt,20,10.0,0.0,True,True,True,False
Asm_3.txt,20,10.0,0.0,True,True,True,False
Asm_30.txt,20,10.0,0.0,True,True,True,False
Asm_4.txt,20,10.0,0.0,True,True,True,False
Asm_5.txt,20,10.0,0.0,True,True,True,False
Asm_6.txt,20,10.0,0.0,True,True,True,False
Asm_7.txt,20,10.0,0.0,True,True,True,False
Asm_8.txt,20,10.0,0.0,True,True,True,False
Asm_9.txt,20,10.0,0.0,True,True,True,False
Babble_1.txt,20,10.0,0.0,True,True,True,False
Babble_10.txt,20,10.0,0.0,True,True,True,False
Babble_11.txt,20,10.0,0.0,True,True,True,False
Babble_12.txt,20,10.0,0.0,True,True,True,False
Babble_13.txt,20,10.0,0.0,True,True,True,False
Babble_14.txt,20,10.0,0.0,True,True,True,False
Babble_15.txt,20,10.0,0.0,True,True,True,False
Babble_16.txt,20,10.0,0.0,True,True,True,False
Babble_17.txt,20,10.0,0.0,True,True,True,False
Babble_18.txt,20,10.0,0.0,True,True,True,False
Babble_19.txt,20,10.0,0.0,True,True,True,False
Babble_2.txt,20,10.0,0.0,True,True,True,False
Babble_20.txt,20,10.0,0.0,True,True,True,False
Babble_21.txt,20,10.0,0.0,True,True,True,False
Babble_22.txt,20,10.0,0.0,True,True,True,False
Babble_23.txt,20,10.0,0.0,True,True,True,False
Babble_24.txt,20,10.0,0.0,True,True,True,False
Babble_25.txt,20,10.0,0.0,True,True,True,False
Babble_26.txt,20,10.0,0.0,True,True,True,False
Babble_27.txt,20,10.0,0.0,True,True,True,False
Babble_28.txt,20,10.0,0.0,True,True,True,False
Babble_29.txt,20,10.0,0.0,True,True,True,False
Babble_3.txt,20,10.5,0.5,True,True,True,True
Babble_4.txt,20,10.0,0.0,True,True,True,False
Babble_5.txt,20,10.0,0.0,True,True,True,False
Babble_6.txt,20,10.0,0.0,True,True,True,False
Babble_7.txt,20,10.0,0.0,True,True,True,False
Babble_8.txt,20,10.0,0.0,True,True,True,False
Babble_9.txt,20,10.0,0.0,True,True,True,False
Clean_1.txt,20,10.0,0.0,True,True,True,False
Clean_10.txt,20,10.0,0.0,True,True,True,False
Clean_11.txt,20,10.0,0.0,True,True,True,False
Clean_12.txt,20,10.0,0.0,True,True,True,False
Clean_13.txt,20,10.0,0.0,True,True,True,False
Clean_14.txt,20,10.0,0.0,True,True,True,False
Clean_15.txt,20,10.0,0.0,True,True,True,False
Clean_16.txt,20,10.0,0.0,True,True,True,False
Clean_17.txt,20,10.0,0.0,True,True,True,False
Clean_18.txt,20,10.0,0.0,True,True,True,False
Clean_19.txt,20,10.0,0.0,True,True,True,False
Clean_2.txt,20,10.0,0.0,True,True,True,False
Clean_20.txt,20,10.0,0.0,True,True,True,False
Clean_21.txt,20,10.0,0.0,True,True,True,False
Clean_22.txt,20,10.0,0.0,True,True,True,False
Clean_23.txt,20,10.0,0.0,True,True,True,False
Clean_24.txt,20,10.0,0.0,True,True,True,False
Clean_25.txt,20,10.0,0.0,True,True,True,False
Clean_26.txt,20,10.0,0.0,True,True,True,False
Clean_27.txt,20,10.0,0.0,True,True,True,False
Clean_28.txt,20,10.0,0.0,True,True,True,False
Clean_29.txt,20,10.0,0.0,True,True,True,False
Clean_3.txt,20,10.0,0.0,True,True,True,False
Clean_30.txt,20,10.0,0.0,True,True,True,False
Clean_4.txt,20,10.0,0.0,True,True,True,False
Clean_5.txt,20,10.0,0.0,True,True,True,False
Clean_6.txt,20,10.0,0.0,True,True,True,False
Clean_7.txt,20,10.5,0.5,True,True,True,True
Clean_8.txt,20,10.0,0.0,True,True,True,False
Clean_9.txt,20,10.0,0.0,True,True,True,False
Music_1.txt,20,10.0,0.0,True,True,True,False
Music_10.txt,20,10.0,0.0,True,True,True,False
Music_11.txt,20,10.0,0.0,True,True,True,False
Music_12.txt,20,10.0,0.0,True,True,True,False
Music_13.txt,20,10.0,0.0,True,True,True,False
Music_14.txt,20,10.0,0.0,True,True,True,False
Music_15.txt,20,10.0,0.0,True,True,True,False
Music_16.txt,20,10.0,0.0,True,True,True,False
Music_17.txt,20,10.0,0.0,True,True,True,False
Music_18.txt,20,10.0,0.0,True,True,True,False
Music_19.txt,20,10.0,0.0,True,True,True,False
Music_2.txt,20,10.0,0.0,True,True,True,False
Music_20.txt,20,10.0,0.0,True,True,True,False
Music_21.txt,20,10.0,0.0,True,True,True,False
Music_22.txt,20,10.0,0.0,True,True,True,False
Music_23.txt,20,10.0,0.0,True,True,True,False
Music_24.txt,20,10.0,0.0,True,True,True,False
Music_25.txt,20,10.0,0.0,True,True,True,False
Music_26.txt,20,10.0,0.0,True,True,True,False
Music_27.txt,20,10.0,0.0,True,True,True,False
Music_28.txt,20,10.0,0.0,True,True,True,False
Music_29.txt,20,10.0,0.0,True,True,True,False
Music_3.txt,20,10.0,0.0,True,True,True,False
Music_30.txt,20,10.0,0.0,True,True,True,False
Music_4.txt,20,10.0,0.0,True,True,True,False
Music_5.txt,20,10.0,0.0,True,True,True,False
Music_6.txt,20,10.0,0.0,True,True,True,False
Music_7.txt,20,10.0,0.0,True,True,True,False
Music_8.txt,20,10.0,0.0,True,True,True,False
Music_9.txt,20,10.0,0.0,True,True,True,False
Noise_1.txt,20,10.0,0.0,True,True,True,False
Noise_10.txt,20,10.0,0.0,True,True,True,False
Noise_11.txt,20,10.0,0.0,True,True,True,False
Noise_12.txt,20,10.5,0.5,True,True,True,True
Noise_13.txt,20,10.0,0.0,True,True,True,False
Noise_14.txt,20,10.0,0.0,True,True,True,False
Noise_15.txt,20,10.0,0.0,True,True,True,False
Noise_16.txt,20,10.0,0.0,True,True,True,False
Noise_17.txt,20,10.0,0.0,True,True,True,False
Noise_18.txt,20,10.0,0.0,True,True,True,False
Noise_19.txt,20,10.0,0.0,True,True,True,False
Noise_2.txt,20,10.0,0.0,True,True,True,False
Noise_20.txt,20,10.0,0.0,True,True,True,False
Noise_21.txt,20,10.0,0.0,True,True,True,False
Noise_22.txt,20,10.0,0.0,True,True,True,False
Noise_23.txt,20,10.0,0.0,True,True,True,False
Noise_24.txt,20,10.0,0.0,True,True,True,False
Noise_25.txt,20,10.0,0.0,True,True,True,False
Noise_26.txt,20,10.0,0.0,True,True,True,False
Noise_27.txt,20,10.0,0.0,True,True,True,False
Noise_28.txt,20,10.0,0.0,True,True,True,False
Noise_29.txt,20,10.0,0.0,True,True,True,False
Noise_3.txt,20,10.0,0.0,True,True,True,False
Noise_30.txt,20,10.0,0.0,True,True,True,False
Noise_4.txt,20,10.0,0.0,True,True,True,False
Noise_5.txt,20,10.0,0.0,True,True,True,False
Noise_6.txt,20,10.0,0.0,True,True,True,False
Noise_7.txt,20,10.0,0.0,True,True,True,False
Noise_8.txt,20,10.0,0.0,True,True,True,False
Noise_9.txt,20,10.0,0.0,True,True,True,False
